Category,German,English,Hindi
🏃 Verbs,(ab)fahren,to depart (by vehicle),रवाना होना (गाड़ी से)
🏃 Verbs,(ab)fliegen,to take off (plane),उड़ान भरना
🏃 Verbs,(an-)/(aus)ziehen,to put on / take off (clothes),पहनना / उतारना
🏃 Verbs,(an/aus)gezogen,put on / taken off,पहना/उतारा
🏃 Verbs,(aus)tauschen,to exchange,अदला-बदली करना
🏃 Verbs,(fahren,to drive,गाड़ी चलाना
🏃 Verbs,(haben/machen),to have/do,रखना/करना
👕 Clothing,(hat wollen als Modalverb),wanted (modal),चाहता था
👋 Greetings & Basics,(jahr,year,साल
👤 Pronouns,(sich),oneself,खुद
👤 Pronouns,(sich) (über),about oneself,खुद के बारे में
🍎 Food,(z. B. Feierabend,e.g. end of work,जैसे काम खत्म
📚 School & Learning,(z. B. Infotafel),e.g. info board,जैसे सूचना बोर्ड
🍎 Food,(z. B. weiter-,e.g. further,जैसे आगे
🏃 Verbs,-fahren/-gehen/,drive/go,चलाना/जाना
🏃 Verbs,-laufen/-machen/,run/do,दौड़ना/करना
🏃 Verbs,-nehmen/-spielen),take/play,लेना/खेलना
❓ Question Words,-nehmen/-werfen),take/throw,लेना/फेंकना
🏃 Verbs,abgeben,to hand in,जमा करना
🛒 Shopping & Money,abheben,to withdraw money,पैसे निकालना
🏃 Verbs,abholen,to pick up,लेने आना
🏃 Verbs,abnehmen,to lose weight,वज़न कम करना
🏃 Verbs,abschließen,to complete; to lock,पूरा करना; ताला लगाना
📋 Grammar & Reference,Achtung (Sg.),attention,ध्यान
✨ Adjectives,aktiv,active,सक्रिय
🏃 Verbs,aktuell,current,वर्तमान
🏃 Verbs,all-,all (prefix),सभी
🍎 Food,allein,alone,अकेला
⏰ Time,alles Gute zum Geburtstag,happy birthday,जन्मदिन मुबारक
🔗 Adverbs & Connectors,als,as; when,जैसा; जब
👤 Pronouns,am besten,best,सबसे अच्छा
🏃 Verbs,am liebsten,most preferably,सबसे पसंद
🍎 Food,an sein / aus sein,to be on / off,चालू/बंद होना
🏃 Verbs,anbieten,to offer,पेशकश करना
👤 Pronouns,ander-,other (prefix),दूसरा
🏃 Verbs,anfangen,to begin,शुरू करना
🏃 Verbs,angeln,to fish,मछली पकड़ना
🏃 Verbs,anmachen,to turn on,चालू करना
👤 Pronouns,anmelden (sich),to register,पंजीकरण करना
🏃 Verbs,ansehen,to look at,देखना
🍎 Food,arbeiten,to work,काम करना
🍎 Food,arbeitslos,unemployed,बेरोजगार
🏃 Verbs,auf jeden/,in any case,किसी भी हाल में
🍎 Food,auf sein,to be on,चालू होना
🏃 Verbs,aufmachen,to open,खोलना
🎒 Personal Items,aufpassen,to pay attention,ध्यान देना
🌳 Nature & Weather,aufregend,exciting,रोमांचक
🏃 Verbs,aufstehen,to get up,उठना
🏃 Verbs,ausblasen,to blow out,बुझाना (मोमबत्ती)
🏃 Verbs,auschecken,to check out,चेक आउट करना
🏃 Verbs,ausgeben,to spend,खर्च करना
🏃 Verbs,ausgehen,to go out,बाहर जाना
🍎 Food,ausleihen,to borrow,उधार लेना
🏃 Verbs,ausmachen,to turn off; to agree,बंद करना; तय करना
🏃 Verbs,auspacken,to unwrap,खोलना (उपहार)
👤 Pronouns,ausruhen (sich),to rest,आराम करना
🏃 Verbs,aussehen,to look (appearance),दिखना
🏃 Verbs,aussprechen,to pronounce,उच्चारण करना
🍎 Food,aussteigen,to get off,उतरना
🏃 Verbs,austragen,to deliver,वितरण करना
🏠 House & Furniture,automatisch,automatic,स्वचालित
👤 Pronouns,außer,except,सिवाय
👤 Pronouns,außerdem,besides,इसके अलावा
👤 Pronouns,außerhalb,outside,बाहर
🏠 House & Furniture,baden,to bathe,नहाना
🏃 Verbs,basteln,to do crafts,हस्तशिल्प
🏃 Verbs,bauen,to build,बनाना
🏙️ Places & City,beantworten,to answer,जवाब देना
🏙️ Places & City,beantworter,answerer,जवाब देने वाला
🏙️ Places & City,beantwortet,answered,जवाब दिया
👋 Greetings & Basics,bedanken (sich),to thank,धन्यवाद देना
🔗 Adverbs & Connectors,bedankt,thanked,धन्यवाद दिया
🏃 Verbs,bedeuten,to mean,मतलब होना
🍎 Food,beeilen (sich),to hurry,जल्दी करना
🍎 Food,beeilt,hurried,जल्दी किया
🎨 Colors,begründen,to justify,औचित्य देना
🍎 Food,bei,at; with,पर; के पास
🍎 Food,beide,both,दोनों
🏃 Verbs,bekannt,well-known,प्रसिद्ध
🏃 Verbs,bekommt,gets; receives,मिलता है
🏃 Verbs,beliebt,popular,लोकप्रिय
🏃 Verbs,benutzen,to use,इस्तेमाल करना
🏃 Verbs,bequem,comfortable,आरामदायक
👤 Pronouns,beraten,to advise,सलाह देना
🍎 Food,bereitet vor,prepares,तैयार करता है
👤 Pronouns,berichten,to report,रिपोर्ट करना
👤 Pronouns,Berlin,Berlin,बर्लिन
👤 Pronouns,berühmt,famous,प्रसिद्ध
🍎 Food,beschreiben,to describe,वर्णन करना
❓ Question Words,beschwert,complained,शिकायत की
👤 Pronouns,besichtigen,to visit (sight),देखने जाना
👤 Pronouns,besichtigt,visited,देखा
👤 Pronouns,besorgt,worried,चिंतित
👤 Pronouns,besteht,consists,बना होता है
👤 Pronouns,bestellt,ordered,ऑर्डर किया
👤 Pronouns,bestätigen,to confirm,पुष्टि करना
👤 Pronouns,besuchen,to visit,मिलने जाना
👤 Pronouns,besucht,visited,मिलने गया
💼 Work & Job,bewerben (sich),to apply,आवेदन करना
👤 Pronouns,bewirbt,applies,आवेदन करता है
🛒 Shopping & Money,billig,cheap,सस्ता
🏃 Verbs,bisschen,a bit,थोड़ा
👋 Greetings & Basics,bitten,to ask (for),विनती करना
🍎 Food,bleiben,to stay,रुकना
🍎 Food,bleibt,stays,रुकता है
🎨 Colors,blond,blonde,गोरी/गोरे बाल
🏃 Verbs,blöd,stupid,बेवकूफ
🔗 Adverbs & Connectors,braucht,needs,जरूरत होती है
🏃 Verbs,bringt,brings,लाता है
🏃 Verbs,brät,fries; roasts,तलता/भूनता है
🥤 Drinks,buchstabieren,to spell,वर्तनी बोलना
🏃 Verbs,bügeln,to iron,इस्त्री करना
📱 Communication,chatten,to chat,चैट करना
🔗 Adverbs & Connectors,da(r) (Bsp. darauf,there (e.g. on it),वहाँ (जैसे उस पर)
🍎 Food,dabei (sein),to have (with one),साथ होना
🔗 Adverbs & Connectors,damals,back then,उस समय
🔗 Adverbs & Connectors,daneben,next to it,बगल में
🔗 Adverbs & Connectors,dankbar,grateful,कृतज्ञ
👋 Greetings & Basics,danken,to thank,धन्यवाद देना
👤 Pronouns,darüber),about it,उसके बारे में
🔗 Adverbs & Connectors,das (Fahr)Rad,bicycle,साइकिल
🍎 Food,das Abendessen,dinner,रात का खाना
👤 Pronouns,das Alter (Sg.),age,उम्र
🐾 Animals,das Aquarium,aquarium,एक्वेरियम
🍎 Food,das Arbeitsamt,employment office,रोजगार कार्यालय
🔗 Adverbs & Connectors,das Ausland (Sg.),abroad,विदेश
🚗 Transport & Travel,das Auto,car,कार
🚗 Transport & Travel,das Autoabgase,car exhaust,कार का धुआँ
🏠 House & Furniture,das Bad,bathroom,बाथरूम
🏠 House & Furniture,das Badezimmer,bathroom,बाथरूम
👤 Pronouns,das Ballett,ballet,बैले
🛒 Shopping & Money,das Bargeld,cash,नकद
🏠 House & Furniture,das Bettzeug,bedding,बिस्तर का सामान
🔗 Adverbs & Connectors,das Brettspiel,board game,बोर्ड गेम
🎨 Colors,das Brot,bread,रोटी
📚 School & Learning,das Buch lesen,to read a book,किताब पढ़ना
🍎 Food,das Bügeleisen,iron,प्रेस
🔗 Adverbs & Connectors,das CO2,CO2,सीओ2
🔗 Adverbs & Connectors,das Date,date,डेट
🏙️ Places & City,das Denkmal,monument,स्मारक
🍎 Food,das Dessert,dessert,डेज़र्ट
🔗 Adverbs & Connectors,das Ding,thing,चीज़
🏠 House & Furniture,das Doppelzimmer,double room,डबल रूम
🔗 Adverbs & Connectors,das E-Book,e-book,ई-बुक
🍎 Food,das Eichhörnchen,squirrel,गिलहरी
🍎 Food,das Einkaufs-,shopping (prefix),खरीदारी
🍎 Food,das Einzelzimmer,single room,सिंगल रूम
🍎 Food,das Eis (Sg.),ice cream,आइसक्रीम
👤 Pronouns,das Erdbeben,earthquake,भूकंप
🔗 Adverbs & Connectors,das Etikett,label,लेबल
📚 School & Learning,das Fach,subject,विषय
🚗 Transport & Travel,das Fahrrad,bicycle,साइकिल
🚗 Transport & Travel,das Fahrrad fahren,to ride a bike,साइकिल चलाना
🔗 Adverbs & Connectors,das Fax,fax,फैक्स
🎉 Celebrations,das Festival,festival,उत्सव
🏥 Health & Feelings,das Fieber (Sg.),fever,बुखार
👤 Pronouns,das Fitness,fitness,फिटनेस
🍎 Food,das Fleisch (Sg.),meat,मांस
🔗 Adverbs & Connectors,das Foto machen,to take a photo,फोटो खींचना
🍎 Food,das Frühstück (Sg.),breakfast,नाश्ता
🍎 Food,das Frühstücksbuffet,breakfast buffet,नाश्ता बुफे
🧍 Body Parts,das Fußballspiel,football match,फुटबॉल मैच
🚗 Transport & Travel,das Gate,gate,गेट
🍎 Food,das Gegenteil,opposite,उल्टा
🛒 Shopping & Money,das Geld (Sg.),money,पैसा
🛒 Shopping & Money,das Geld abheben,to withdraw money,पैसे निकालना
🍎 Food,das Geld einzahlen,to deposit money,पैसे जमा करना
🚗 Transport & Travel,das Geldautomat,ATM,एटीएम
🔗 Adverbs & Connectors,das Gemälde,painting,पेंटिंग
🍎 Food,das Gemüse (Sg.),vegetables,सब्ज़ियाँ
🚗 Transport & Travel,das Gepäck (Sg.),luggage,सामान
🍎 Food,das Gericht,dish,डिश
👤 Pronouns,das Gerät,device,उपकरण
🍽️ Kitchen Items,das Geschirr (Sg.),dishes,बर्तन
👤 Pronouns,das Gesetz,law,कानून
📱 Communication,das Gespräch,conversation (phone),बातचीत
👤 Pronouns,das Gewicht,weight,वज़न
🍎 Food,das Gleis,platform; track,प्लेटफॉर्म
🔗 Adverbs & Connectors,das Glück (Sg.),luck,किस्मत
🚗 Transport & Travel,das GPS,GPS,जीपीएस
🧍 Body Parts,das Haar,hair,बाल
🍎 Food,das Hauptgericht,main course,मेन कोर्स
🔗 Adverbs & Connectors,das Hobby,hobby,शौक
🏠 House & Furniture,das Hotelzimmer,hotel room,होटल का कमरा
🌳 Nature & Weather,das Insekt,insect,कीड़ा
🔗 Adverbs & Connectors,das Instrument,instrument,वाद्य यंत्र
👤 Pronouns,das Interesse,interest,रुचि
📱 Communication,das Internet (Sg.),internet,इंटरनेट
📱 Communication,das Interview,interview,इंटरव्यू
👋 Greetings & Basics,das Jahrhundert,century,सदी
👋 Greetings & Basics,das Jahrzehnt,decade,दशक
🔗 Adverbs & Connectors,das Karussell,carousel,मेरी गो राउंड
👤 Pronouns,das Klavier,piano,पियानो
👤 Pronouns,das Klavier spielen,to play piano,पियानो बजाना
🍎 Food,das Kleid,dress,पोशाक
🌳 Nature & Weather,das Klima,climate,जलवायु
🔗 Adverbs & Connectors,das Klo,toilet (informal),टॉयलेट
🛒 Shopping & Money,das Konto,account,खाता
🎉 Celebrations,das Konzert,concert,कॉन्सर्ट
🏠 House & Furniture,das Laken,sheet,चादर
👤 Pronouns,das Licht,light,रोशनी
🔗 Adverbs & Connectors,das Lied,song,गाना
🍎 Food,das Lokal,restaurant,रेस्तरां
👤 Pronouns,das Material,material,सामग्री
💼 Work & Job,das Meeting,meeting,मीटिंग
🥤 Drinks,das Mineral-,mineral (prefix),खनिज
🍎 Food,das Mittagessen,lunch,दोपहर का खाना
🔗 Adverbs & Connectors,das Mobil-,mobile (prefix),मोबाइल
👤 Pronouns,das Muster,pattern,पैटर्न
🍎 Food,das Obst (Sg.),fruit,फल
🔗 Adverbs & Connectors,das Paar,pair,जोड़ा
🔗 Adverbs & Connectors,das Paket,parcel,पार्सल
👤 Pronouns,das Paket verschicken,to send a parcel,पार्सल भेजना
🏥 Health & Feelings,das Pflaster,band-aid,बैंड-एड
🔗 Adverbs & Connectors,das Pfund,pound (weight),पाउंड
🍎 Food,das Picknick,picnic,पिकनिक
🔗 Adverbs & Connectors,das Plakat,poster,पोस्टर
🔗 Adverbs & Connectors,das Plastik,plastic,प्लास्टिक
🏙️ Places & City,das Poster,poster,पोस्टर
💼 Work & Job,das Praktikum,internship,इंटर्नशिप
🔗 Adverbs & Connectors,das Problem,problem,समस्या
🔗 Adverbs & Connectors,das Problem lösen,to solve a problem,समस्या हल करना
👤 Pronouns,das Produkt,product,उत्पाद
🔗 Adverbs & Connectors,das Programm,program,कार्यक्रम
🔗 Adverbs & Connectors,das Publikum,audience,दर्शक
🍽️ Kitchen Items,das Putzmittel,cleaning product,सफाई का सामान
🔗 Adverbs & Connectors,das Quiz (Sg.),quiz,क्विज
🚗 Transport & Travel,das Radfahren,cycling,साइकिल चलाना
🔗 Adverbs & Connectors,das Recht,right,अधिकार
📚 School & Learning,das Referat,presentation,प्रेजेंटेशन
🔗 Adverbs & Connectors,das Reh,roe deer,हिरणी
🍎 Food,das Reisebüro,travel agency,यात्रा एजेंसी
🔗 Adverbs & Connectors,das Rind,cattle,मवेशी
🔗 Adverbs & Connectors,das Rätsel,puzzle,पहेली
🔗 Adverbs & Connectors,das Schach,chess,शतरंज
🔗 Adverbs & Connectors,das Schild,sign,संकेत
🔗 Adverbs & Connectors,das Schwimm-,swimming (prefix),तैराकी
🔗 Adverbs & Connectors,das Selfie,selfie,सेल्फी
📚 School & Learning,das Semester,semester,सेमेस्टर
📚 School & Learning,das Seminar,seminar,सेमिनार
🔗 Adverbs & Connectors,das Shampoo,shampoo,शैंपू
🔗 Adverbs & Connectors,das Skifahren,skiing,स्कीइंग
🏠 House & Furniture,das Sofa,sofa,सोफा
👤 Pronouns,das Solarenergie,solar energy,सौर ऊर्जा
🛒 Shopping & Money,das Sonderangebot,special offer,स्पेशल ऑफर
🔗 Adverbs & Connectors,das Souvenir,souvenir,स्मृति चिह्न
🏙️ Places & City,das Sparkonto,savings account,बचत खाता
🔗 Adverbs & Connectors,das Spiel,game,खेल
🔗 Adverbs & Connectors,das Stipen-,scholarship (prefix),छात्रवृत्ति
📚 School & Learning,das Stipendium,scholarship,छात्रवृत्ति
🏠 House & Furniture,das Stockwerk,floor (storey),मंजिल
🍎 Food,das Studentenwohnheim,student dormitory,छात्रावास
🔗 Adverbs & Connectors,das Studium (Sg.),studies,पढ़ाई
👕 Clothing,das Taschengeld,pocket money,जेब खर्च
🔗 Adverbs & Connectors,das Tennis,tennis,टेनिस
🔗 Adverbs & Connectors,das Tennis (Sg.),tennis,टेनिस
🔗 Adverbs & Connectors,das Thema,topic,विषय
🏥 Health & Feelings,das Thermometer,thermometer,थर्मामीटर
🚗 Transport & Travel,das Ticket,ticket,टिकट
🚗 Transport & Travel,das Ticket kaufen,to buy a ticket,टिकट खरीदना
🔗 Adverbs & Connectors,das Tor,goal,गोल
🔗 Adverbs & Connectors,das Tor schießen,to score a goal,गोल करना
🔗 Adverbs & Connectors,das Training,training,ट्रेनिंग
🛒 Shopping & Money,das Trinkgeld,tip,टिप
🚗 Transport & Travel,das Verkehrs-,transport (prefix),यातायात
🚗 Transport & Travel,das Verkehrsschild,traffic sign,ट्रैफिक साइन
🥤 Drinks,das Wasser (Sg.),water,पानी
🌳 Nature & Weather,das Wetter (Sg.),weather,मौसम
❓ Question Words,das Wiederhören,goodbye (on phone),फोन पर अलविदा
📚 School & Learning,das Wörterbuch,dictionary,शब्दकोश
🔗 Adverbs & Connectors,das Zelt,tent,तंबू
🏙️ Places & City,das Zentrum,center,केंद्र
🔗 Adverbs & Connectors,das Ziel,goal/target,लक्ष्य/गोल
🏠 House & Furniture,das Zimmer reservieren,to reserve a room,कमरा बुक करना
🔗 Adverbs & Connectors,das Öl,oil,तेल
💼 Work & Job,de Rentner,the retiree,पेंशनभोगी
🚗 Transport & Travel,der Abflug,departure (flight),प्रस्थान
👤 Pronouns,der Abschluss,degree/graduation,डिग्री
🐾 Animals,der Adler,eagle,ईगल
🏥 Health & Feelings,der Albtraum,nightmare,बुरा सपना
⏰ Time,der Alltag,everyday life,रोज़मर्रा की ज़िंदगी
📱 Communication,der Anruf-,call (prefix),कॉल
👤 Pronouns,der Anschluss,connection,कनेक्शन
👤 Pronouns,der Apparat,device,उपकरण
👤 Pronouns,der Appetit,appetite,भूख
👤 Pronouns,der Artikel,article,लेख
👤 Pronouns,der Ast,branch,डाल
👤 Pronouns,der Aufsatz,essay,निबंध
🚗 Transport & Travel,der Aufzug,elevator,लिफ्ट
🚗 Transport & Travel,der Ausflug,excursion,पिकनिक
👤 Pronouns,der Ausländer,foreigner,विदेशी
👤 Pronouns,der Ausverkauf,sale,सेल
🍎 Food,der Ausweis,ID,पहचान पत्र
🚗 Transport & Travel,der Automat,vending machine,वेंडिंग मशीन
🚗 Transport & Travel,der Autor,author,लेखक
👤 Pronouns,der Azubi,apprentice,प्रशिक्षु
👨‍👩‍👧 Family & People,der Babysitter,babysitter,बेबीसिटर
👤 Pronouns,der Bach,stream,नाला
🍎 Food,der Bahnsteig,platform,प्लेटफॉर्म
👤 Pronouns,der Ball,ball,गेंद
🛒 Shopping & Money,der Bankangestellte,bank employee,बैंक कर्मचारी
👤 Pronouns,der Basketball,basketball,बास्केटबॉल
👤 Pronouns,der Benutzer,user,उपयोगकर्ता
🍎 Food,der Bescheid,notification,सूचना
👤 Pronouns,der Besen,broom,झाड़ू
👤 Pronouns,der Besuch,visit,मुलाकात
👤 Pronouns,der Betrag,amount,राशि
🐾 Animals,der Biber,beaver,ऊदबिलाव
🍽️ Kitchen Items,der Bio-Müll,organic waste,जैविक कचरा
🍎 Food,der Bleistift,pencil,पेंसिल
🏥 Health & Feelings,der Blutdruck,blood pressure,ब्लड प्रेशर
🏥 Health & Feelings,der Bluttest,blood test,ब्लड टेस्ट
👤 Pronouns,der Brauch,custom,रिवाज
📱 Communication,der Briefkasten,mailbox,लेटरबॉक्स
🏙️ Places & City,der Brunnen,fountain,फव्वारा
📚 School & Learning,der Buchstabe,letter (alphabet),अक्षर
🚗 Transport & Travel,der Busch,bush,झाड़ी
👤 Pronouns,der Bäcker,baker,बेकर
👤 Pronouns,der Bürger,citizen,नागरिक
🛒 Shopping & Money,der Cent,cent,सेंट
💼 Work & Job,der Chef,boss,बॉस
👤 Pronouns,der Chor,choir,गायक मंडली
🏙️ Places & City,der Club,club,क्लब
🏠 House & Furniture,der Dachs,badger,बज्जू
👤 Pronouns,der Dank (Sg.),thanks,धन्यवाद
👤 Pronouns,der Dokumentarfilm,documentary,डॉक्यूमेंट्री
🏙️ Places & City,der Dom,cathedral,कैथेड्रल
👤 Pronouns,der Dozent,lecturer,प्रोफेसर
🥤 Drinks,der Durst (Sing.),thirst,प्यास
👨‍👩‍👧 Family & People,der Ehepartner,spouse,जीवनसाथी
🍎 Food,der Eimer,bucket,बाल्टी
🍎 Food,der Eintritt,admission,प्रवेश
👨‍👩‍👧 Family & People,der Enkel,grandson,पोता
🛒 Shopping & Money,der Euro,euro,यूरो
👨‍👩‍👧 Family & People,der Familien-,family (prefix),परिवार
👤 Pronouns,der Fan,fan,प्रशंसक
🍎 Food,der Feiertag,holiday,छुट्टी का दिन
👤 Pronouns,der Film,film/movie,फिल्म
👤 Pronouns,der Fink,finch,फिंच
🚗 Transport & Travel,der Flug,flight,उड़ान
👤 Pronouns,der Flüchtling,refugee,शरणार्थी
🍎 Food,der Freitag,Friday,शुक्रवार
👨‍👩‍👧 Family & People,der Freundesliste,friends list,फ्रेंड्स लिस्ट
👤 Pronouns,der Friseur,hairdresser,नाई
👤 Pronouns,der Friseursalon,hair salon,हेयर सैलून
🌳 Nature & Weather,der Frost,frost,ठंड
🧍 Body Parts,der Fußball,football/soccer,फुटबॉल
👤 Pronouns,der Führer,guide,गाइड
👤 Pronouns,der Führer-,driver (prefix),ड्राइवर
⏰ Time,der Geburtstagswunsch,birthday wish,जन्मदिन की शुभकामना
🍽️ Kitchen Items,der Geschirrspüler,dishwasher,डिशवॉशर
👤 Pronouns,der Geschmack,taste,स्वाद
👤 Pronouns,der Glück-,congratulations (prefix),बधाई
👤 Pronouns,der Gruß,greeting,अभिवादन
👤 Pronouns,der Guide,guide,गाइड
🍎 Food,der Gutschein,voucher,वाउचर
🌳 Nature & Weather,der Hagel,hail,ओले
👤 Pronouns,der Hamburger,hamburger,हैमबर्गर
🐾 Animals,der Hase,hare/rabbit,खरगोश
🏥 Health & Feelings,der Hass,hate,नफरत
🏠 House & Furniture,der Haushalt,household,घर
🚗 Transport & Travel,der Helm,helmet,हेलमेट
👤 Pronouns,der Himmel (Sg.),sky,आसमान
👤 Pronouns,der Hunger (Sg.),hunger,भूख
🐾 Animals,der Igel,hedgehog,साही
👋 Greetings & Basics,der Jahrestag,anniversary,सालगिरह
👤 Pronouns,der Kanal,channel,चैनल
🛒 Shopping & Money,der Kassenbon,receipt,रसीद
🛒 Shopping & Money,der Kassenzettel,receipt,रसीद
👤 Pronouns,der Kellner,waiter,वेटर
🏙️ Places & City,der Kiosk,kiosk,कियोस्क
🎒 Personal Items,der Kleber,glue,गोंद
🌳 Nature & Weather,der Klimaschutz,climate protection,जलवायु संरक्षण
🌳 Nature & Weather,der Klimawandel,climate change,जलवायु परिवर्तन
👤 Pronouns,der Koch,chef,शेफ
💼 Work & Job,der Kollege,colleague (male),सहकर्मी (पुरुष)
👤 Pronouns,der Kommentar,comment,कमेंट
🎒 Personal Items,der Kompass,compass,कंपास
👤 Pronouns,der Kontakt,contact,संपर्क
🚗 Transport & Travel,der Kontoauszug,bank statement,खाता विवरण
🛒 Shopping & Money,der Kontostand,account balance,खाता शेष
🏥 Health & Feelings,der Krankenwagen,ambulance,एम्बुलेंस
🛒 Shopping & Money,der Kredit,loan,लोन
👤 Pronouns,der Krimi,crime story,अपराध कहानी
🐾 Animals,der Käfer,beetle,भृंग
🍎 Food,der Käse (Sg.),cheese,पनीर
👤 Pronouns,der Künstler,artist,कलाकार
👤 Pronouns,der Lappen,cloth,कपड़ा
📚 School & Learning,der Lehrer,teacher (male),शिक्षक
👕 Clothing,der Lernstoff,study material,पाठ्यक्रम
👤 Pronouns,der Like,like,लाइक
👤 Pronouns,der Link,link,लिंक
👤 Pronouns,der Luchs,lynx,लिंक्स
👤 Pronouns,der Luftballon,balloon,गुब्बारा
👤 Pronouns,der Lärm,noise,शोर
🧍 Body Parts,der Magen,stomach,पेट
👤 Pronouns,der Marder,marten,मार्टन
🏙️ Places & City,der Marktplatz,market square,मार्केट चौक
🐾 Animals,der Maulwurf,mole,छछूंदर
🍎 Food,der Meister,champion,चैंपियन
👨‍👩‍👧 Family & People,der Mensch,person,इंसान
👤 Pronouns,der Metzger,butcher,कसाई
🍎 Food,der Mitarbeiter,employee,कर्मचारी
👕 Clothing,der Moderator,host/presenter,होस्ट
👤 Pronouns,der Moment,moment,पल
🚗 Transport & Travel,der Motor,engine,इंजन
🚗 Transport & Travel,der Motorroller,scooter,स्कूटर
📚 School & Learning,der Musiker,musician,संगीतकार
🍽️ Kitchen Items,der Müll,rubbish/garbage,कचरा
🍽️ Kitchen Items,der Müll (Sg.),rubbish,कचरा
📚 School & Learning,der Nachhilfe,tutoring,ट्यूशन
🏠 House & Furniture,der Nachtisch,dessert,मीठा
🏠 House & Furniture,der Nachttisch,bedside table,बेडसाइड टेबल
🏥 Health & Feelings,der Notarzt,emergency doctor,इमरजेंसी डॉक्टर
🏥 Health & Feelings,der Optiker,optician,ऑप्टिशियन
👤 Pronouns,der Ordner,folder,फ़ोल्डर
🏙️ Places & City,der Ort,place,जगह
🐾 Animals,der Osterhase,Easter bunny,ईस्टर बनी
🐾 Animals,der Otter,otter,ऊद
🍎 Food,der Papagei,parrot,तोता
🚗 Transport & Travel,der Passkontrolle,passport control,पासपोर्ट कंट्रोल
🏥 Health & Feelings,der Patient,patient,मरीज
🍎 Food,der Personalausweis,ID card,आईडी कार्ड
👤 Pronouns,der Plan,plan,योजना
👤 Pronouns,der Podcast,podcast,पॉडकास्ट
👤 Pronouns,der Pokal,trophy,ट्रॉफी
👤 Pronouns,der Politiker,politician,राजनेता
🍎 Food,der Preis,price,कीमत
👤 Pronouns,der Prospekt,brochure,ब्रोशर
👕 Clothing,der Pullover,sweater,स्वेटर
🏥 Health & Feelings,der Puls,pulse,नाड़ी
👋 Greetings & Basics,der Pyjama,pyjamas,पायजामा
👤 Pronouns,der Rabe,raven,कौआ
📚 School & Learning,der Ranzen,school bag,स्कूल बैग
👤 Pronouns,der Rasen,lawn,लॉन
👤 Pronouns,der Raum,room; space,कमरा; जगह
🌳 Nature & Weather,der Regen (Sg.),rain,बारिश
👤 Pronouns,der Regisseur,director,निर्देशक
🍎 Food,der Reifen,tyre,टायर
🍎 Food,der Reis (Sg.),rice,चावल
🍎 Food,der Reiseführer,travel guide,यात्रा गाइड
🍎 Food,der Reisepass,passport,पासपोर्ट
👤 Pronouns,der Rekord,record,रिकॉर्ड
💼 Work & Job,der Rentner,retiree (male),पेंशनभोगी
👤 Pronouns,der Rest,rest,बाकी
👤 Pronouns,der Rhythmus,rhythm,ताल
👤 Pronouns,der Roman,novel,उपन्यास
👤 Pronouns,der Rundgang,tour,दौरा
👤 Pronouns,der Röntgen,X-ray,एक्स-रे
👤 Pronouns,der Saldo,balance,शेष राशि
👤 Pronouns,der Schalter,switch,स्विच
📱 Communication,der Schatten,shadow,छाया
🏠 House & Furniture,der Schauspieler,actor,अभिनेता
👤 Pronouns,der Schiedsrichter,referee,रेफरी
🎒 Personal Items,der Schirm,umbrella,छाता
👤 Pronouns,der Schlaf,sleep,नींद
👤 Pronouns,der Schluss,end,अंत
🌳 Nature & Weather,der Schnee (Sg.),snow,बर्फ
👨‍👩‍👧 Family & People,der Schwager,brother-in-law,जीजा/देवर
🐾 Animals,der Schwan,swan,हंस
👨‍👩‍👧 Family & People,der Schwiegersohn,son-in-law,दामाद
👨‍👩‍👧 Family & People,der Schwiegervater,father-in-law,ससुर
🏥 Health & Feelings,der Schwindel,dizziness,चक्कर
📚 School & Learning,der Schüler,pupil (male),छात्र
📱 Communication,der Sender,station,स्टेशन
👤 Pronouns,der Service (Sg.),service,सेवा
👤 Pronouns,der Sieg,victory,जीत
👤 Pronouns,der Ski,ski,स्की
🍎 Food,der Sonnenschein,sunshine,धूप
🌳 Nature & Weather,der Sonnenschirm,sunshade,सनशेड
🐾 Animals,der Spatz,sparrow,गौरैया
👤 Pronouns,der Spazier-,walk (prefix),सैर
👤 Pronouns,der Spaziergang,walk,सैर
👤 Pronouns,der Spaß (Sg.),fun,मज़ा
👤 Pronouns,der Specht,woodpecker,कठफोड़वा
👤 Pronouns,der Spieler,player,खिलाड़ी
🏙️ Places & City,der Sport,sports,खेल
🏙️ Places & City,der Sport (Sg.),sport,खेल
🍎 Food,der Sport treiben,to do sports,खेल करना
🏙️ Places & City,der Sportplatz,sports field,खेल का मैदान
🏙️ Places & City,der Sportunterricht,PE lesson,शारीरिक शिक्षा
👤 Pronouns,der Staat,state,राज्य
🏙️ Places & City,der Stadtführer,city guide,शहर गाइड
🏙️ Places & City,der Stadtplan,city map,शहर का नक्शा
👤 Pronouns,der Stamm,trunk,तना
👤 Pronouns,der Star,star,सितारा
👤 Pronouns,der Staub,dust,धूल
🧍 Body Parts,der Staubsauger,vacuum cleaner,वैक्यूम क्लीनर
👤 Pronouns,der Stecker,plug,प्लग
👨‍👩‍👧 Family & People,der Stiefsohn,stepson,सौतेला बेटा
👨‍👩‍👧 Family & People,der Stiefvater,stepfather,सौतेले पिता
👤 Pronouns,der Stock,floor; stick,मंजिल; छड़ी
👕 Clothing,der Stoff,fabric,कपड़ा
🐾 Animals,der Storch,stork,सारस
🍎 Food,der Streit,argument,झगड़ा
🏥 Health & Feelings,der Stress (Sg.),stress,तनाव
📚 School & Learning,der Student,student (male),छात्र (विश्वविद्यालय)
⏰ Time,der Stundenplan,timetable,समय-सारणी
👤 Pronouns,der Swimmingpool,swimming pool,स्विमिंग पूल
👤 Pronouns,der Sänger,singer (male),गायक
👤 Pronouns,der Tau,dew,ओस
🍎 Food,der Teich,pond,तालाब
🏥 Health & Feelings,der Termin beim Arzt,doctor's appointment,डॉक्टर का अपॉइंटमेंट
🏙️ Places & City,der Tierpark,animal park,जानवर पार्क
👤 Pronouns,der Tipp,tip,सुझाव
👤 Pronouns,der Titel,title,शीर्षक
👤 Pronouns,der Tourist,tourist,पर्यटक
👤 Pronouns,der Trainer,coach,कोच
👤 Pronouns,der Traum,dream,सपना
👤 Pronouns,der Umschlag,envelope,लिफाफा
🌳 Nature & Weather,der Umweltschutz,environmental protection,पर्यावरण संरक्षण
🏠 House & Furniture,der Umzug,move,स्थानांतरण
🚗 Transport & Travel,der Unfall,accident,दुर्घटना
🚗 Transport & Travel,der Urlaubsort,vacation destination,छुट्टी का स्थान
🏥 Health & Feelings,der Verband,bandage,पट्टी
🍎 Food,der Verein,club; association,क्लब
🚗 Transport & Travel,der Verkehr (Sg.),traffic,यातायात
🏠 House & Furniture,der Vermieter,landlord,मकान मालिक
👤 Pronouns,der Volleyball,volleyball,वॉलीबॉल
👤 Pronouns,der Vorschlag,suggestion,सुझाव
🏙️ Places & City,der Vortrag,lecture,व्याख्यान
🚗 Transport & Travel,der Wagen,car; wagon,गाड़ी
🐾 Animals,der Waschbär,raccoon,रैकून
📚 School & Learning,der Wechselkurs,exchange rate,विनिमय दर
👤 Pronouns,der Wecker,alarm clock,अलार्म क्लॉक
🚗 Transport & Travel,der Weg,way/path,रास्ता
🍎 Food,der Wein,wine,शराब
❓ Question Words,der Werbespot,commercial,विज्ञापन
❓ Question Words,der Wettbewerb,contest,प्रतियोगिता
🌳 Nature & Weather,der Wetterbericht,weather forecast,मौसम पूर्वानुमान
👤 Pronouns,der Wettkampf,competition,प्रतियोगिता
❓ Question Words,der Wiesel,weasel,नीला
🏙️ Places & City,der Windpark,wind farm,पवन ऊर्जा पार्क
👤 Pronouns,der Witz,joke,चुटकुला
🏙️ Places & City,der Wochenmarkt,weekly market,साप्ताहिक बाज़ार
🛒 Shopping & Money,der Workshop,workshop,कार्यशाला
👤 Pronouns,der Wunsch,wish,इच्छा
👤 Pronouns,der Wurm,worm,कीड़ा
👤 Pronouns,der Wähler,voter,मतदाता
🍎 Food,der Zeitplan,schedule,शेड्यूल
🍎 Food,der Zeitpunkt,point in time,समय बिंदु
🍎 Food,der Zeitraum,time period,समय अवधि
🎒 Personal Items,der Zettel,note/paper,नोट/कागज़
🛒 Shopping & Money,der Zins,interest,ब्याज
🛒 Shopping & Money,der Zinsen,interest,ब्याज
👤 Pronouns,der Zirkus,circus,सर्कस
🚗 Transport & Travel,der Zoll,customs,कस्टम
👤 Pronouns,der Zucker (Sg.),sugar,चीनी
👤 Pronouns,der Zuschauer,spectator,दर्शक
👤 Pronouns,der/das Blog,blog,ब्लॉग
👤 Pronouns,der/das Comic,comic,कॉमिक
🎒 Personal Items,der/das Laptop,laptop,लैपटॉप
👤 Pronouns,der/die,the (m/f),वह (पु/स्त्री)
👤 Pronouns,deutlich,clear,स्पष्ट
📱 Communication,die (E-)Mail,the email,ईमेल
🏃 Verbs,die Abhebung,withdrawal,निकासी
🍎 Food,die Abschlussfeier,graduation ceremony,समापन समारोह
🍎 Food,die Abteilung,department,विभाग
👕 Clothing,die Accessoires,accessories,एक्सेसरीज़
🏃 Verbs,die Ahnung,idea,अंदाज़ा
🏃 Verbs,die Akte,file/folder,फ़ाइल
🏃 Verbs,die Amsel,blackbird,काली चिड़िया
🏃 Verbs,die Anlage,attachment,अटैचमेंट
👕 Clothing,die Anprobe,trying on,ट्राय करना
🏙️ Places & City,die Antwort geben,to give an answer,जवाब देना
🍎 Food,die Anzeige,ad/classified,विज्ञापन
🍎 Food,die Arbeit,work,काम
🍎 Food,die Arbeitslosigkeit,unemployment,बेरोजगारी
🧍 Body Parts,die Armut,poverty,गरीबी
🏃 Verbs,die Asyl,asylum,शरण
🏙️ Places & City,die Aufführung,performance,प्रदर्शन
🏃 Verbs,die Aufgabe lösen,to solve the task,कार्य हल करना
🏃 Verbs,die Aufregung,excitement,उत्तेजना
📚 School & Learning,die Ausbildung,apprenticeship/training,प्रशिक्षण
👤 Pronouns,die Ausdauer,endurance,सहनशीलता
📱 Communication,die Auskunft,information,जानकारी
🏃 Verbs,die Ausrüstung,equipment,उपकरण
👤 Pronouns,die Aussicht,view,नज़ारा
🏙️ Places & City,die Ausstellung,exhibition,प्रदर्शनी
🚗 Transport & Travel,die Autobahn,motorway,हाईवे
🚗 Transport & Travel,die Autorin,author (female),लेखिका
🏃 Verbs,die Band,band,बैंड
🏙️ Places & City,die Bank (im Park),bench,बेंच
🏙️ Places & City,die Bankfiliale,bank branch,बैंक शाखा
🏙️ Places & City,die Bankkarte,bank card,बैंक कार्ड
🛒 Shopping & Money,die Barzahlung,cash payment,नकद भुगतान
👤 Pronouns,die Batterie,battery,बैटरी
👕 Clothing,die Baumwolle,cotton,कपास
🏙️ Places & City,die Baustelle,construction site,निर्माण स्थल
🏃 Verbs,die Bedienung,service,सेवा
🎉 Celebrations,die Beerdigung,funeral,अंतिम संस्कार
🍎 Food,die Beere,berry,बेरी
💼 Work & Job,die Beförderung,promotion,पदोन्नति
🍎 Food,die Begeisterung,enthusiasm,उत्साह
👋 Greetings & Basics,die Begrüßung,greeting,अभिवादन
🧍 Body Parts,die Behandlung,treatment,उपचार
🍎 Food,die Beilage,side dish,साइड डिश
🐾 Animals,die Bekanntschaft,acquaintance,परिचय
👤 Pronouns,die Beratung,advice,सलाह
👤 Pronouns,die Bevölkerung,population,जनसंख्या
🚗 Transport & Travel,die Bewegung,exercise/movement,व्यायाम
🏃 Verbs,die Beziehung,relationship,रिश्ता
📚 School & Learning,die Biologie,biology,जीव विज्ञान
🏃 Verbs,die Blüte,blossom,फूल
🍎 Food,die Bohne,bean,बीन
🚗 Transport & Travel,die Bordkarte,boarding pass,बोर्डिंग पास
📱 Communication,die Briefmarke,stamp,डाक टिकट
👕 Clothing,die Brieftasche,wallet,बटुआ
🍎 Food,die Butter (Sg.),butter,मक्खन
🍎 Food,die Bäckerei,bakery,बेकरी
🏃 Verbs,die Bühne,stage,मंच
🍎 Food,die Cafeteria,canteen,कैंटीन
🏃 Verbs,die CD,CD,सीडी
💼 Work & Job,die Chefin,boss (female),बॉस (महिला)
📚 School & Learning,die Chemie,chemistry,रसायन विज्ञान
🏃 Verbs,die Creme,cream,क्रीम
👨‍👩‍👧 Family & People,die Dame,lady,महिला
🍎 Food,die Dankbarkeit,gratitude,कृतज्ञता
🍎 Food,die Datei,file,फ़ाइल
⏰ Time,die Deadline,deadline,अंतिम तिथि
🏃 Verbs,die Demo,demonstration,प्रदर्शन
🏃 Verbs,die Demokratie,democracy,लोकतंत्र
🏃 Verbs,die Demonstration,demonstration,प्रदर्शन
⏰ Time,die Deutschstunde,German lesson,जर्मन की क्लास
🏥 Health & Feelings,die Diagnose,diagnosis,निदान
🏙️ Places & City,die Disco,disco,डिस्को
👤 Pronouns,die Diskriminierung,discrimination,भेदभाव
📱 Communication,die Diskussion,discussion,चर्चा
🏥 Health & Feelings,die Diät,diet,डाइट
🏙️ Places & City,die Drogerie,drugstore,ड्रगस्टोर
🌳 Nature & Weather,die Dürre,drought,सूखा
🍎 Food,die E-Mail schreiben,to write an email,ईमेल लिखना
🍎 Food,die Eifersucht,jealousy,ईर्ष्या
🍎 Food,die Eile,hurry,जल्दबाज़ी
🍎 Food,die Einbahnstraße,one-way street,एक तरफा सड़क
🍎 Food,die Einladung,invitation,निमंत्रण
🍎 Food,die Eins,grade 1 (best),पहला नंबर
🍎 Food,die Einschreibung,enrollment,नामांकन
🍎 Food,die Einweihung,inauguration,उद्घाटन
🍎 Food,die Einwohner,inhabitants,निवासी
🍎 Food,die Einzahlung,deposit,जमा
👤 Pronouns,die Energie,energy,ऊर्जा
👤 Pronouns,die Energie sparen,to save energy,ऊर्जा बचाना
⏰ Time,die Englischstunde,English lesson,अंग्रेजी की क्लास
👨‍👩‍👧 Family & People,die Enkelin,granddaughter,पोती
👤 Pronouns,die Entfernung,distance,दूरी
🍎 Food,die Entscheidung,decision,निर्णय
🛒 Shopping & Money,die Entschuldi-,apology (prefix),माफी
🏥 Health & Feelings,die Entspannung,relaxation,आराम
🏃 Verbs,die Enttäuschung,disappointment,निराशा
👤 Pronouns,die Entzündung,inflammation,सूजन
👤 Pronouns,die Erderwärmung,global warming,वैश्विक तापन
👤 Pronouns,die Erinnerung,memory/reminder,याददाश्त
👤 Pronouns,die Erlaubnis (Sg.),permission,इजाज़त
🍎 Food,die Erleichterung,relief,राहत
👤 Pronouns,die Erneuerbare Energie,renewable energy,नवीकरणीय ऊर्जा
🍎 Food,die Ernährung,nutrition,पोषण
👤 Pronouns,die Erwartung,expectation,उम्मीद
👤 Pronouns,die Eröffnung,opening,उद्घाटन
🐾 Animals,die Eule,owl,उल्लू
🏃 Verbs,die Fahrt,journey/trip,यात्रा
🏃 Verbs,die Fakultät,faculty,संकाय
🍎 Food,die Feierlichkeit,celebration/ceremony,उत्सव
⏰ Time,die Ferien (Pl.),holidays,छुट्टियाँ
👤 Pronouns,die Fernsehsendung,TV program,टीवी कार्यक्रम
👕 Clothing,die Fledermaus,bat,चमगादड़
🏃 Verbs,die Flucht,flight (refugee),शरणार्थी
🌳 Nature & Weather,die Flut,flood,बाढ़
🏃 Verbs,die Flöte,flute,बांसुरी
🏃 Verbs,die Folge,episode,एपिसोड
🏃 Verbs,die Folie,slide,स्लाइड
💼 Work & Job,die Frage stellen,to ask a question,सवाल पूछना
🍎 Food,die Freiheit,freedom,स्वतंत्रता
🍎 Food,die Freizeit,free time,खाली समय
🍎 Food,die Freizeit (Sg.),free time,खाली समय
🍎 Food,die Freizeitaktivität,leisure activity,खाली समय की गतिविधि
🏥 Health & Feelings,die Freude,joy,खुशी
👨‍👩‍👧 Family & People,die Freundschaft,friendship,दोस्ती
⏰ Time,die Frist,deadline,डेडलाइन
🏃 Verbs,die Frucht,fruit,फल
🏃 Verbs,die Frustration,frustration,निराशा
🔗 Adverbs & Connectors,die Fundsachen,lost property,खोया हुआ सामान
🧍 Body Parts,die Fußgängerzone,pedestrian zone,पैदल क्षेत्र
🏙️ Places & City,die Führung,guided tour,गाइडेड टूर
🏙️ Places & City,die Galerie,gallery,गैलरी
🏠 House & Furniture,die Gardine,curtain (net),पर्दा (जाली वाला)
🛒 Shopping & Money,die Gebühr,fee,शुल्क
🏃 Verbs,die Gegenwart,present,वर्तमान
🍎 Food,die Geige,violin,वायलिन
🍎 Food,die Gelassenheit,calmness,शांति
👤 Pronouns,die Genesung,recovery,ठीक होना
📚 School & Learning,die Geografie,geography,भूगोल
🎉 Celebrations,die Geschenke,gifts,उपहार
📚 School & Learning,die Geschichte,story,कहानी
🍎 Food,die Geschwindigkeit,speed,गति
🍎 Food,die Geschwindigkeitsbegrenzung,speed limit,गति सीमा
🐾 Animals,die Gesellschaft,society,समाज
🍎 Food,die Gewohnheit,habit,आदत
🏃 Verbs,die Gewürze,spices,मसाले
🏃 Verbs,die Gitarre,guitar,गिटार
🏃 Verbs,die Gitarre spielen,to play guitar,गिटार बजाना
🍎 Food,die Gleichberechtigung,equality,समानता
🏙️ Places & City,die Glückwunschkarte,congratulation card,बधाई कार्ड
🍎 Food,die Glühbirne,light bulb,बल्ब
🏃 Verbs,die Grenze,border,सीमा
🍎 Food,die Grillparty,barbecue party,बारबेक्यू पार्टी
📋 Grammar & Reference,die Grippe (Sg.),flu,फ्लू
🏃 Verbs,die Gruppe,group,समूह
🏃 Verbs,die Gäste,guests,मेहमान
👤 Pronouns,die Halle,hall,हॉल
🧍 Body Parts,die Handlung,plot,कहानी
🍎 Food,die Hauptspeise,main course,मुख्य पकवान
🏙️ Places & City,die Hauptstadt,capital city,राजधानी
🍎 Food,die Hausarbeit,housework,घरेलू काम
🏠 House & Furniture,die Hausaufgaben,homework,होमवर्क
🏃 Verbs,die Hecke,hedge,बाड़
🍎 Food,die Heimat (Sg.),homeland,मातृभूमि
🍎 Food,die Heizung,heating,हीटिंग
🏃 Verbs,die Hilfe,help,मदद
📋 Grammar & Reference,die Hilfe (Sg.),help,मदद
🍎 Food,die Hilfe leisten,to provide help,मदद प्रदान करना
🏃 Verbs,die Hilfsorganisation,aid organization,सहायता संगठन
🌳 Nature & Weather,die Hitze,heat,गर्मी
🏃 Verbs,die Hobbys,hobbies,शौक
📚 School & Learning,die Hochschule,college,कॉलेज
🏥 Health & Feelings,die Hoffnung,hope,उम्मीद
📱 Communication,die Homepage,homepage,होमपेज
🏥 Health & Feelings,die Hygiene,hygiene,स्वच्छता
👤 Pronouns,die Händedesinfektion,hand disinfection,हाथ की सफाई
🏃 Verbs,die Idee,idea,विचार
🏥 Health & Feelings,die Impfung,vaccination,टीका
📱 Communication,die Information,information,जानकारी
🏃 Verbs,die Integration,integration,एकीकरण
👕 Clothing,die Jeans (Pl.),jeans,जींस
🏃 Verbs,die Jugend-,youth (prefix),युवा
🏃 Verbs,die Kabine,changing room,चेंजिंग रूम
🍎 Food,die Kalorie,calorie,कैलोरी
🍎 Food,die Kantine,canteen,कैंटीन
🎉 Celebrations,die Karneval,carnival,कार्निवल
💼 Work & Job,die Karriere,career,करियर
🏙️ Places & City,die Karte kaufen,to buy a map,नक्शा खरीदना
🏙️ Places & City,die Karte schicken,to send a card,कार्ड भेजना
🏃 Verbs,die Katastrophe,catastrophe,आपदा
👤 Pronouns,die Kellnerin,waitress,वेट्रेस
👤 Pronouns,die Kilometer,kilometers,किलोमीटर
📚 School & Learning,die Klausur,exam,परीक्षा
🍎 Food,die Kleidung (Sg.),clothing,कपड़े
🌳 Nature & Weather,die Klimaanlage,air conditioning,एयर कंडीशनिंग
🏃 Verbs,die Knospe,bud,कली
🏃 Verbs,die Kollegin,colleague (female),सहकर्मी (महिला)
🏠 House & Furniture,die Kommode,chest of drawers,दराजों वाली अलमारी
👤 Pronouns,die Konferenz,conference,कॉन्फ्रेंस
🏃 Verbs,die Kontaktlinse,contact lens,कॉन्टैक्ट लेंस
🛒 Shopping & Money,die Kontonummer,account number,खाता संख्या
🏃 Verbs,die Kopie,copy,कॉपी
🏃 Verbs,die Korrektur,correction,सुधार
🏃 Verbs,die Kosmetik,cosmetics,कॉस्मेटिक्स
📋 Grammar & Reference,die Kosmetik (Sg.),cosmetics,प्रसाधन सामग्री
🏃 Verbs,die Kraft,strength,शक्ति
🏥 Health & Feelings,die Kranken-,sick/health (prefix),बीमार/स्वास्थ्य
🏥 Health & Feelings,die Krankenkasse,health insurance,स्वास्थ्य बीमा
👨‍👩‍👧 Family & People,die Krankenschwester,nurse,नर्स
🏥 Health & Feelings,die Krankenversicherung,health insurance,स्वास्थ्य बीमा
🏥 Health & Feelings,die Krankmeldung,sick note,बीमारी की सूचना
🍎 Food,die Kreide,chalk,चॉक
🐾 Animals,die Krähe,crow,कौआ
🏃 Verbs,die Kultur,culture,संस्कृति
🍎 Food,die Kundenzufriedenheit,customer satisfaction,ग्राहक संतुष्टि
📚 School & Learning,die Kunst,art,कला
🌳 Nature & Weather,die Kälte,cold,सर्दी
🏃 Verbs,die Köchin,chef (female),महिला शेफ
💼 Work & Job,die Kündigung,termination,नौकरी छोड़ना
👤 Pronouns,die Künstlerin,artist (female),कलाकार (महिला)
🌳 Nature & Weather,die Küste,coast,तट
🌳 Nature & Weather,die Landschaft,landscape,प्राकृतिक दृश्य
🚗 Transport & Travel,die Landung,landing,लैंडिंग
🍎 Food,die Langeweile,boredom,बोरियत
🏥 Health & Feelings,die Laune,mood,मूड
🏃 Verbs,die Lebens-,life (prefix),जीवन
👕 Clothing,die Leder,leather,चमड़ा
📚 School & Learning,die Lehrerin,teacher (female),शिक्षिका
👨‍👩‍👧 Family & People,die Leute (Pl.),people,लोग
🏃 Verbs,die Luftballons,balloons,गुब्बारे
🍎 Food,die Luftfeuchtigkeit,humidity,आर्द्रता
👤 Pronouns,die Luftverschmutzung,air pollution,वायु प्रदूषण
📋 Grammar & Reference,die Lust (Sg.),desire,इच्छा
🏃 Verbs,die Lösung,solution,समाधान
🏃 Verbs,die Lösung finden,to find a solution,समाधान ढूंढना
🏃 Verbs,die Lüge,lie,झूठ
🧍 Body Parts,die Magenprobleme,stomach problems,पेट की समस्या
📱 Communication,die Mailbox,voicemail,वॉइसमेल
👤 Pronouns,die Maniküre,manicure,मैनिक्योर
🐾 Animals,die Mannschaft,team,टीम
📚 School & Learning,die Mappe,folder,फोल्डर
🏃 Verbs,die Marke,brand,ब्रांड
🏃 Verbs,die Maschine,machine,मशीन
🏃 Verbs,die Maske,mask,मुखौटा
🏥 Health & Feelings,die Massage,massage,मालिश
📚 School & Learning,die Mathematik,mathematics,गणित
🚗 Transport & Travel,die Maut,toll,टोल
🔗 Adverbs & Connectors,die Medaille,medal,मेडल
🐾 Animals,die Medikamente,medication,दवाइयाँ
🏥 Health & Feelings,die Meditation,meditation,ध्यान
🏥 Health & Feelings,die Medizin nehmen,to take medicine,दवा लेना
🍎 Food,die Meinung,opinion,राय
🍎 Food,die Meisterschaft,championship,चैंपियनशिप
🏃 Verbs,die Melodie,melody,धुन
🏃 Verbs,die Menge,amount; crowd,मात्रा; भीड़
👤 Pronouns,die Messe,fair; mass,मेला; मास
🏃 Verbs,die Migration,migration,प्रवासन
🥤 Drinks,die Milch (Sg.),milk,दूध
🏙️ Places & City,die Mitte,middle,बीच
👕 Clothing,die Mode,fashion,फैशन
📚 School & Learning,die Musik (Sg.),music,संगीत
📚 School & Learning,die Musik hören,to listen to music,संगीत सुनना
📚 School & Learning,die Musikerin,musician (female),संगीतकार (महिला)
🏠 House & Furniture,die Möbel (Pl.),furniture,फर्नीचर
🐾 Animals,die Mücke,mosquito,मच्छर
🏥 Health & Feelings,die Müdigkeit,tiredness,थकान
🍽️ Kitchen Items,die Mülltonne,trash bin,कचरा डिब्बा
🍽️ Kitchen Items,die Mülltrennung,waste separation,कचरा अलग करना
👨‍👩‍👧 Family & People,die Nachbarschaft,neighborhood,पड़ोस
🍎 Food,die Nachhaltigkeit,sustainability,स्थिरता
✨ Adjectives,die Nachnahme,cash on delivery,कैश ऑन डिलीवरी
🍎 Food,die Nachspeise,dessert,मिठाई
🌳 Nature & Weather,die Natur (Sg.),nature,प्रकृति
🚗 Transport & Travel,die Navigation,navigation,नेविगेशन
🏠 House & Furniture,die Nebenkosten,utilities,अतिरिक्त खर्च
👤 Pronouns,die Nervosität,nervousness,घबराहट
👤 Pronouns,die Neugier,curiosity,जिज्ञासा
👤 Pronouns,die Niederlage,defeat,हार
✨ Adjectives,die Notaufnahme,emergency room,आपातकालीन विभाग
🏃 Verbs,die Notiz,note,नोट
🍎 Food,die Nudel,noodle,नूडल
👤 Pronouns,die Nummer,number,नंबर
👤 Pronouns,die Nummer wählen,to dial the number,नंबर डायल करना
🏃 Verbs,die Nuss,nut,मेवा
📋 Grammar & Reference,die Nähe (Sg.),vicinity,नज़दीकी
🧍 Body Parts,die Ohrringe,earrings,झुमके
🏙️ Places & City,die Oper,opera,ओपेरा
🏥 Health & Feelings,die Operation,operation,ऑपरेशन
🏃 Verbs,die Ordnung,order,क्रम
🏃 Verbs,die Organisation,organization,संगठन
🌳 Nature & Weather,die Orientierung,orientation,दिशा ज्ञान
🚗 Transport & Travel,die Panne,breakdown,खराबी
🎒 Personal Items,die Papiere (Pl.),papers,कागज़ात
🎒 Personal Items,die Papierkorb,waste paper basket,कागज़ की टोकरी
🎉 Celebrations,die Parade,parade,परेड
🚗 Transport & Travel,die Parkuhr,parking meter,पार्किंग मीटर
🍎 Food,die Partei,party (political),पार्टी
👨‍👩‍👧 Family & People,die Partnerschaft,partnership,साझेदारी
👕 Clothing,die Passform,fit,फिटिंग
🏥 Health & Feelings,die Patientin,patient (female),मरीज (महिला)
⏰ Time,die Pause machen,to take a break,ब्रेक लेना
🏃 Verbs,die Pediküre,pedicure,पेडीक्योर
🏃 Verbs,die Petition,petition,याचिका
👤 Pronouns,die Pflicht,duty,कर्तव्य
📚 School & Learning,die Physik,physics,भौतिकी
🏃 Verbs,die PIN,PIN,पिन
👤 Pronouns,die PIN-Nummer,PIN number,पिन नंबर
🍎 Food,die Pizza,pizza,पिज़्ज़ा
🏃 Verbs,die Plastiktüte,plastic bag,प्लास्टिक बैग
👤 Pronouns,die Plastiktüte verbieten,to ban plastic bags,प्लास्टिक बैग पर प्रतिबंध
🏃 Verbs,die Politik,politics,राजनीति
🍎 Food,die Polizei (Sg.),police,पुलिस
🍎 Food,die Portion,portion,पोर्शन
🏙️ Places & City,die Post (Sg.),post,डाक
🏙️ Places & City,die Postfiliale,post office branch,डाकघर शाखा
🏙️ Places & City,die Postkarte schicken,to send a postcard,पोस्टकार्ड भेजना
🍎 Food,die Postleit-,postal (prefix),डाक
🍎 Food,die Postleitzahl,postal code,पिन कोड
📱 Communication,die Präsentation,presentation,प्रेजेंटेशन
🍎 Food,die Prüfungsvorbereitung,exam preparation,परीक्षा तैयारी
💼 Work & Job,die Qualifikation,qualification,योग्यता
🏃 Verbs,die Qualität,quality,गुणवत्ता
🚗 Transport & Travel,die Raststätte,rest stop,रेस्ट स्टॉप
🐾 Animals,die Ratte,rat,चूहा
🏃 Verbs,die Raupe,caterpillar,इल्ली
🛒 Shopping & Money,die Rechnung bezahlen,to pay the bill,बिल चुकाना
👋 Greetings & Basics,die Rechnung bitte,the bill please,बिल प्लीज़
🍽️ Kitchen Items,die Recyclingtonne,recycling bin,रीसाइक्लिंग डिब्बा
👤 Pronouns,die Regierung,government,सरकार
🍎 Food,die Reihe,row; turn,पंक्ति; बारी
🍎 Food,die Reise,journey/trip,यात्रा
🍎 Food,die Reiseplanung,trip planning,यात्रा योजना
🍎 Food,die Reisetasche,travel bag,यात्रा बैग
🛒 Shopping & Money,die Reklamation,complaint,शिकायत
🏃 Verbs,die Reklame,advertisement,विज्ञापन
📚 School & Learning,die Religion,religion,धर्म
🐾 Animals,die Rente,pension/retirement,पेंशन
💼 Work & Job,die Rentnerin,retiree (female),पेंशनभोगी (महिला)
🏃 Verbs,die Reparatur,repair,मरम्मत
👤 Pronouns,die Reservierung,reservation,आरक्षण
🛒 Shopping & Money,die Retoure,return,वापसी
🍎 Food,die Rezeption,reception,रिसेप्शन
👤 Pronouns,die Richtung,direction,दिशा
🏃 Verbs,die Rose,rose,गुलाब
🏃 Verbs,die Routine,routine,रूटीन
📋 Grammar & Reference,die Ruhe (Sg.),quiet,शांति
🏃 Verbs,die Rutsche,slide,स्लाइड
🏃 Verbs,die Rückgabe,return,वापसी
🏃 Verbs,die Sache,thing,चीज़
⏰ Time,die Saison,season,सीज़न
🏥 Health & Feelings,die Salbe,ointment,मलहम
👕 Clothing,die Sandalen,sandals,सैंडल
🏃 Verbs,die Sandkasten,sandbox,रेत का डिब्बा
🏃 Verbs,die Sauna,sauna,सौना
🏃 Verbs,die Schaukel,swing,झूला
🏠 House & Furniture,die Schauspielerin,actress,अभिनेत्री
🍎 Food,die Scheidung,divorce,तलाक
🐾 Animals,die Schnecke,snail,घोंघा
📚 School & Learning,die Schulbildung,education,शिक्षा
🛒 Shopping & Money,die Schuld,debt,कर्ज
🛒 Shopping & Money,die Schulden,debts,कर्ज
📚 School & Learning,die Schule beginnen,school starts,स्कूल शुरू होना
👨‍👩‍👧 Family & People,die Schwiegermutter,mother-in-law,सास
👨‍👩‍👧 Family & People,die Schwiegertochter,daughter-in-law,बहू
👤 Pronouns,die Schwägerin,sister-in-law,ननद/भाभी
📚 School & Learning,die Schülerin,pupil (female),छात्रा
🏃 Verbs,die Sechs,grade 6 (worst),फेल
🌳 Nature & Weather,die See (Sg),sea,समुद्र
🏃 Verbs,die Sehens-,sight (prefix),दर्शन
🏃 Verbs,die Sehnsucht,longing,तड़प
🍎 Food,die Seide,silk,रेशम
🍎 Food,die Seife,soap,साबुन
🍎 Food,die Seite,page; side,पृष्ठ; तरफ
👤 Pronouns,die Sendung,shipment/broadcast,शिपमेंट/प्रसारण
👤 Pronouns,die Serie,series,सीरीज़
🍎 Food,die Sicherheitskontrolle,security check,सिक्योरिटी चेक
🏃 Verbs,die Situation,situation,स्थिति
🏃 Verbs,die Skulptur,sculpture,मूर्ति
📱 Communication,die Social Media,social media,सोशल मीडिया
🏃 Verbs,die Solaranlage,solar system,सौर प्रणाली
🔗 Adverbs & Connectors,die Solidarität,solidarity,एकजुटता
🍎 Food,die Sonne scheinen,the sun is shining,धूप निकलना
🏥 Health & Feelings,die Sorge,worry,चिंता
🏃 Verbs,die Spende,donation,दान
🏙️ Places & City,die Sportart,type of sport,खेल का प्रकार
🏃 Verbs,die Sprech-,speech (prefix),बोल
🏥 Health & Feelings,die Spritze,injection,इंजेक्शन
🏙️ Places & City,die Stadtbesichtigung,city tour,शहर का दौरा
🏙️ Places & City,die Stadtmitte,city center,शहर का केंद्र
🏃 Verbs,die Statue,statue,मूर्ति
🏠 House & Furniture,die Steckdose,socket,सॉकेट
🏠 House & Furniture,die Stehlampe,floor lamp,फ्लोर लैंप
🛒 Shopping & Money,die Steuer,tax,टैक्स
👨‍👩‍👧 Family & People,die Stiefmutter,stepmother,सौतेली माँ
👨‍👩‍👧 Family & People,die Stieftochter,stepdaughter,सौतेली बेटी
🏃 Verbs,die Stille,silence,खामोशी
🏃 Verbs,die Stimme,voice,आवाज़
🏥 Health & Feelings,die Stimmung,mood/atmosphere,माहौल
🏃 Verbs,die Strafe,fine,जुर्माना
🚗 Transport & Travel,die Straßen-,street (prefix),सड़क
📚 School & Learning,die Studentin,student (female),छात्रा (विश्वविद्यालय)
⏰ Time,die Stunde fahren,to drive for hours,घंटों ड्राइव करना
🏥 Health & Feelings,die Symptome,symptoms,लक्षण
👤 Pronouns,die Sängerin,singer (female),गायिका
🍎 Food,die Süßigkeiten,sweets,मिठाई
🏃 Verbs,die Tanzfläche,dance floor,डांस फ्लोर
📚 School & Learning,die Tanzmusik,dance music,नाच की संगीत
🐾 Animals,die Taube,pigeon,कबूतर
🎉 Celebrations,die Taufe,baptism,बपतिस्मा
🍎 Food,die Teilzeitstelle,part-time job,पार्ट टाइम नौकरी
🍎 Food,die Temperatur messen,to measure temperature,तापमान नापना
🏥 Health & Feelings,die Therapie,therapy,चिकित्सा
🌳 Nature & Weather,die Tierwelt,animal world,जानवरों की दुनिया
🏠 House & Furniture,die Tischlampe,table lamp,टेबल लैंप
🏙️ Places & City,die Toilette,toilet,शौचालय
👤 Pronouns,die Toleranz,tolerance,सहिष्णुता
🍎 Food,die Tomate,tomato,टमाटर
🏃 Verbs,die Tour,tour,टूर
📱 Communication,die Touristeninformation,tourist information,पर्यटक सूचना केंद्र
🏥 Health & Feelings,die Traurigkeit,sadness,उदासी
🎉 Celebrations,die Trauung,wedding ceremony,विवाह समारोह
🏃 Verbs,die Trennung,separation,अलग होना
🏃 Verbs,die Trommel,drum,ड्रम
🏃 Verbs,die Tulpe,tulip,ट्यूलिप
👤 Pronouns,die Turnhalle,gymnasium,जिम्नेजियम
👕 Clothing,die Turnschuhe,sneakers,स्नीकर्स
🍎 Food,die Uhrzeit,time (clock),समय (घड़ी)
📱 Communication,die Umfrage,survey/poll,सर्वे
🍎 Food,die Umkleidekabine,changing room,चेंजिंग रूम
🍎 Food,die Umleitung,diversion,डायवर्शन
🛒 Shopping & Money,die Umtausch,exchange,एक्सचेंज
🌳 Nature & Weather,die Umwelt,environment,पर्यावरण
🌳 Nature & Weather,die Umweltverschmutzung,environmental pollution,पर्यावरण प्रदूषण
📚 School & Learning,die Universität,university,विश्वविद्यालय
🍎 Food,die Unsicherheit,uncertainty,अनिश्चितता
🚗 Transport & Travel,die Unterkunft,accommodation,रुकने की जगह
👤 Pronouns,die Unterschrift sammeln,to collect signatures,हस्ताक्षर इकट्ठा करना
👤 Pronouns,die Untersuchung,examination,जाँच
👤 Pronouns,die Untertitel,subtitles,उपशीर्षक
👤 Pronouns,die Verabredung,appointment,अपॉइंटमेंट
👤 Pronouns,die Veranstal-,event (prefix),कार्यक्रम
👤 Pronouns,die Veranstaltung,event,कार्यक्रम
🍎 Food,die Vergangenheit,past,अतीत
🏥 Health & Feelings,die Verletzung,injury,चोट
🎉 Celebrations,die Verlobung,engagement,सगाई
👤 Pronouns,die Verschmutzung,pollution,प्रदूषण
🚗 Transport & Travel,die Versicherung,insurance,बीमा
🚗 Transport & Travel,die Versicherungskarte,insurance card,बीमा कार्ड
👨‍👩‍👧 Family & People,die Verwandtschaft,family/relatives,रिश्तेदारी
👤 Pronouns,die Verzögerung,delay,देरी
👤 Pronouns,die Veränderung,change,बदलाव
✨ Adjectives,die Vielfalt,diversity,विविधता
🚗 Transport & Travel,die Vignette,toll sticker,टोल स्टिकर
🍎 Food,die Vitamine,vitamins,विटामिन
📚 School & Learning,die Vokabel,vocabulary word,शब्द
🍎 Food,die Vollzeitstelle,full-time job,पूर्णकालिक नौकरी
🏃 Verbs,die Vorfahrt,right of way,प्राथमिकता
📚 School & Learning,die Vorlesung,lecture,व्याख्यान
👤 Pronouns,die Vorsicht,caution,सावधानी
🏃 Verbs,die Vorsätze,New Year's resolutions,नए साल के संकल्प
🏃 Verbs,die Vorwahl,area code,एरिया कोड
🏃 Verbs,die Waage,scales,तराज़ू
🏃 Verbs,die Wahl,election,चुनाव
🏃 Verbs,die Wahlurne,ballot box,मतपेटी
🌳 Nature & Weather,die Waldbrand,forest fire,जंगल की आग
🏠 House & Furniture,die Wartezimmer,waiting room,वेटिंग रूम
📱 Communication,die Website,website,वेबसाइट
🏥 Health & Feelings,die Wellness,wellness,वेलनेस
🏃 Verbs,die Welt,world,दुनिया
📱 Communication,die Werbung,advertisement,विज्ञापन
🌳 Nature & Weather,die Wettervorhersage,weather forecast,मौसम पूर्वानुमान
🐾 Animals,die Wildkatze,wildcat,जंगली बिल्ली
🌳 Nature & Weather,die Windenergie,wind energy,पवन ऊर्जा
👕 Clothing,die Wolle,wool,ऊन
🏥 Health & Feelings,die Wunde,wound,घाव
🏃 Verbs,die Wurzel,root,जड़
🏥 Health & Feelings,die Wut,anger,गुस्सा
🛒 Shopping & Money,die Währung,currency,मुद्रा
🏃 Verbs,die Wäsche,laundry,कपड़े धोना
🏃 Verbs,die Wüste,desert,रेगिस्तान
🏥 Health & Feelings,die Yoga,yoga,योग
🏃 Verbs,die Zahl,number,संख्या
🏃 Verbs,die Zahlung,payment,भुगतान
🧍 Body Parts,die Zahnbürste,toothbrush,टूथब्रश
🧍 Body Parts,die Zahnpasta,toothpaste,टूथपेस्ट
🍎 Food,die Zeichnung,drawing,ड्राइंग
🍎 Food,die Zeit,time,समय
🍎 Food,die Zeitspanne,time period,समय अवधि
🍎 Food,die Zeitung,newspaper,अखबार
🍎 Food,die Zeitung lesen,to read the newspaper,अखबार पढ़ना
🍎 Food,die Zeitzone,time zone,समय क्षेत्र
🚗 Transport & Travel,die Zollkontrolle,customs control,कस्टम कंट्रोल
🏃 Verbs,die Zone,zone,क्षेत्र
🍎 Food,die Zufriedenheit,satisfaction,संतुष्टि
🏃 Verbs,die Zukunft,future,भविष्य
👤 Pronouns,die Zuschauerin,spectator (female),दर्शक (स्त्री)
🍎 Food,die Zutaten,ingredients,सामग्री
🍎 Food,die Öffnungszeiten,opening hours,खुलने का समय
🏥 Health & Feelings,die Übelkeit,nausea,मतली
👤 Pronouns,die Über-,over (prefix),ऊपर
⏰ Time,die Übernachtung,overnight stay,रात रुकना
👤 Pronouns,die Überschrift,headline,शीर्षक
👤 Pronouns,die Überschwemmung,flood,बाढ़
⏰ Time,die Überstunde,overtime,ओवरटाइम
🍎 Food,die Überweisung,bank transfer,ट्रांसफर
🏃 Verbs,direkt,direct,सीधा
🌳 Nature & Weather,diskutieren,to discuss,चर्चा करना
🏃 Verbs,dium,(fragment),अंश
🏃 Verbs,dringend,urgent,जरूरी
🏃 Verbs,drüben,over there,वहाँ
🧍 Body Parts,drücken,to press,दबाना
👤 Pronouns,dumm,stupid,मूर्ख
👤 Pronouns,durchfallen,to fail (exam),फेल होना
👤 Pronouns,durfte,was allowed,इजाज़त थी
👤 Pronouns,duschen (sich),to shower,नहाना
👤 Pronouns,duscht,showers,नहाता है
🏃 Verbs,dünsten,to steam,स्टीम करना
🏃 Verbs,echt,real,असली
🏃 Verbs,egal,doesn't matter,कोई बात नहीं
🍎 Food,eigen-,own (prefix),अपना
🍎 Food,eilig,in a hurry,जल्दी में
🍎 Food,ein paar,a few,कुछ
🍎 Food,einchecken,to check in,चेक इन करना
🍎 Food,einfach,simple,सरल
🍎 Food,einig-,some (prefix),कुछ
🍎 Food,einkaufen,to shop,खरीदारी करना
🍎 Food,einkaufen gehen,to go shopping,खरीदारी करने जाना
🍎 Food,einmal,once,एक बार
🍎 Food,einpacken,to pack,पैक करना
🍎 Food,einschlafen,to fall asleep,सो जाना
🍎 Food,eintragen (sich),to register,दर्ज करना
🍎 Food,einzahlen,to deposit money,पैसे जमा करना
🍎 Food,einzel-,single (prefix),अकेला
🍎 Food,einziehen,to move in,रहने आना
🏃 Verbs,empfehlen,to recommend,सिफारिश करना
🏃 Verbs,enden,to end,खत्म करना
🍎 Food,entscheiden,to decide,निर्णय लेना
🛒 Shopping & Money,entschuldigen,to apologise,माफी माँगना
🚗 Transport & Travel,entspannen,to relax,आराम करना
👤 Pronouns,erinnern (sich),to remember,याद करना
👤 Pronouns,erinnert,reminded,याद दिलाया
🏥 Health & Feelings,erkältet sein,to have a cold,जुकाम होना
👤 Pronouns,erlauben,to allow,इजाज़त देना
🍎 Food,erlaubt sein,to be allowed,इजाज़त होना
🍎 Food,erleichtert,relieved,राहत महसूस
🍎 Food,erreichen,to reach,पहुँचना
🍎 Food,erreicht,reached,पहुँचा
👤 Pronouns,erst,only; first,केवल; पहले
👤 Pronouns,erziehen,to raise (children),पालन-पोषण
👤 Pronouns,fallen,to fall,गिरना
🏠 House & Furniture,fantastisch,fantastic,शानदार
🏃 Verbs,faul,lazy,आलसी
🏃 Verbs,fehlen,to be missing,कमी होना
🍎 Food,Feierabend machen,to finish work,काम खत्म करना
🍎 Food,feiern,to celebrate,मनाना
🍎 Food,fertig sein,to be ready,तैयार होना
🏃 Verbs,fett,fat,चर्बी
🏃 Verbs,feucht,humid,नम
🍎 Food,fit sein,to be fit,फिट होना
🍎 Food,fleißig,hard-working,मेहनती
🏃 Verbs,fliegt (ab),takes off,उड़ान भरता है
👤 Pronouns,fotografieren,to take a photo,फोटो खींचना
🍎 Food,freiwillig,voluntary,स्वैच्छिक
🏃 Verbs,fremd,strange,अजनबी
🏃 Verbs,freut,is pleased,खुश होता है
🏃 Verbs,frisch,fresh,ताज़ा
🏃 Verbs,furchtbar,terrible,भयानक
🏃 Verbs,fährt (ab),departs,रवाना होता है
🏃 Verbs,fängt an,begins,शुरू करता है
🏃 Verbs,fühlt,feels,महसूस करता है
🏃 Verbs,gang,walk; corridor,चलना; गलियारा
🏃 Verbs,geben/sagen),give/say,देना/कहना
🏃 Verbs,geboren,born,जन्म
🏃 Verbs,Geburts-,birth (prefix),जन्म
🏃 Verbs,geehrt-,honoured (prefix),सम्मानित
👤 Pronouns,gefallen,to please,पसंद आना
👤 Pronouns,gefährlich,dangerous,खतरनाक
👤 Pronouns,gegenüber,opposite,सामने
🏃 Verbs,geht aus,goes out,बाहर जाता है
🏃 Verbs,gehängt,hung,लटकाया
🏃 Verbs,gehören,to belong,संबंधित होना
🔗 Adverbs & Connectors,genug,enough,काफी
👤 Pronouns,gern,gladly,खुशी से
🏥 Health & Feelings,gesund essen,to eat healthy,स्वस्थ खाना
🏥 Health & Feelings,gesund leben,to live healthy,स्वस्थ जीवन जीना
👤 Pronouns,gewesen,been,था
🔗 Adverbs & Connectors,gewinnen,to win,जीतना
🏃 Verbs,gewinnt,wins,जीतता है
🏃 Verbs,gibt ab,hands in,जमा करता है
🏃 Verbs,gibt aus,spends,खर्च करता है
🍎 Food,gleich,same; soon,वही; जल्दी
🍎 Food,grillen,to grill,ग्रिल करना
🏥 Health & Feelings,gute Laune,good mood,अच्छा मूड
🍎 Food,gültig sein,to be valid,वैध होना
✨ Adjectives,halten,to hold,पकड़ना
🏃 Verbs,hart,hard,कठोर
🏃 Verbs,hat abgeholt,picked up,उठा लिया
👤 Pronouns,hat abgeschlossen,completed,पूरा किया
🛒 Shopping & Money,hat angeboten,offered,पेशकश की
🏃 Verbs,hat angefangen,began,शुरू किया
🏃 Verbs,hat angemeldet,registered,पंजीकरण किया
👤 Pronouns,hat angerufen,called,फोन किया
👤 Pronouns,hat angesehen,looked at,देखा
🏃 Verbs,hat aufgehört,stopped,रुका
🎒 Personal Items,hat aufgepasst,paid attention,ध्यान दिया
👤 Pronouns,hat ausgesehen,looked,देखा
🏙️ Places & City,hat beantwortet,answered,जवाब दिया
🏃 Verbs,hat bedeutet,meant,मतलब था
🏃 Verbs,hat begonnen,began,शुरू किया
👤 Pronouns,hat beraten,advised,सलाह दी
❓ Question Words,hat beschwert,complained,शिकायत की
👤 Pronouns,hat besichtigt,visited,देखा
👤 Pronouns,hat bestanden,passed,पास किया
👤 Pronouns,hat bestellt,ordered,ऑर्डर किया
🌳 Nature & Weather,hat diskutiert,discussed,चर्चा की
🍎 Food,hat eingetragen,registered,दर्ज किया
👤 Pronouns,hat erinnert,reminded,याद दिलाया
👤 Pronouns,hat erlaubt,allowed,इजाज़त दी
🍎 Food,hat erreicht,reached,पहुँचा
👤 Pronouns,hat erzählt,told,बताया
🍎 Food,hat gearbeitet,worked,काम किया
🏠 House & Furniture,hat gebadet,bathed,नहाया
🏃 Verbs,hat gebraten,fried,तला
🏃 Verbs,hat gebraucht,needed,जरूरत थी
🏠 House & Furniture,hat gedacht,thought,सोचा
🏃 Verbs,hat gedrückt,pressed,दबाया
👤 Pronouns,hat gedurft,was allowed,इजाज़त थी
👤 Pronouns,hat geduscht,showered,नहाया
🏃 Verbs,hat geendet,ended,खत्म हुआ
👤 Pronouns,hat gefallen,pleased,पसंद आया
🏃 Verbs,hat gefehlt,was missing,कम था
🍎 Food,hat gefeiert,celebrated,मनाया
🏃 Verbs,hat gefragt,asked,पूछा
🏃 Verbs,hat gefreut,was pleased,खुश हुआ
🏃 Verbs,hat gefunden,found,मिला
🏃 Verbs,hat gegeben,gave,दिया
🍎 Food,hat gegessen,ate,खाया
🏃 Verbs,hat geglaubt,believed,विश्वास किया
💼 Work & Job,hat gehalten,held,पकड़ा
🏃 Verbs,hat gehangen/,hung,लटका था
🍎 Food,hat geheiratet,married,शादी की
🍎 Food,hat geheißen,was called,कहलाता था
🏃 Verbs,hat geholfen,helped,मदद की
🏃 Verbs,hat geholt,fetched,लाया
🏃 Verbs,hat gehört,heard,सुना
🏃 Verbs,hat gekannt,knew,जानता था
🏃 Verbs,hat gekauft,bought,खरीदा
🏃 Verbs,hat geklappt,worked out,काम कर गया
🏃 Verbs,hat gekostet,cost,कीमत थी
🏃 Verbs,hat gekündigt,quit,छोड़ा
🏃 Verbs,hat gelassen,left,छोड़ा
🏃 Verbs,hat gelebt,lived,रहा
🏃 Verbs,hat gelegt,laid,रखा
🏃 Verbs,hat geliehen,lent,उधार दिया
🏃 Verbs,hat gelogen,lied,झूठ बोला
🏃 Verbs,hat gemacht,made,किया
🏃 Verbs,hat gemalt,painted,पेंट किया
🍎 Food,hat gemeint,meant,मतलब था
👤 Pronouns,hat gemerkt,noticed,ध्यान दिया
🏃 Verbs,hat gemocht,liked,पसंद किया
🏃 Verbs,hat genannt,named,नाम दिया
🏃 Verbs,hat genommen,took,लिया
🏙️ Places & City,hat geparkt,parked,पार्क किया
🎒 Personal Items,hat gepasst,fitted,फिट हुआ
🏃 Verbs,hat geplant,planned,योजना बनाई
👤 Pronouns,hat geraten,advised,सलाह दी
👤 Pronouns,hat geraucht,smoked,धूम्रपान किया
👤 Pronouns,hat gerechnet,calculated,गणना की
📱 Communication,hat geredet,talked,बात की
👤 Pronouns,hat gerochen,smelled,सूंघा
👤 Pronouns,hat gerufen,called,बुलाया
👤 Pronouns,hat gesagt,said,कहा
🐾 Animals,hat geschafft,managed,कर लिया
🎉 Celebrations,hat geschenkt,gave (gift),उपहार दिया
👤 Pronouns,hat geschickt,sent,भेजा
👤 Pronouns,hat geschienen,seemed,लगा
👤 Pronouns,hat geschimpft,scolded,डाँटा
👤 Pronouns,hat geschlafen,slept,सोया
👤 Pronouns,hat geschlossen,closed,बंद किया
👤 Pronouns,hat geschmeckt,tasted,स्वाद आया
👤 Pronouns,hat geschnitten,cut,काटा
👤 Pronouns,hat geschrieben,wrote,लिखा
👤 Pronouns,hat gesehen,saw,देखा
👤 Pronouns,hat gespart,saved,बचाया
🍎 Food,hat gespeichert,saved,सेव किया
👤 Pronouns,hat gespielt,played,खेला
👤 Pronouns,hat gestellt,placed,रखा
👤 Pronouns,hat gestritten,argued,झगड़ा किया
👤 Pronouns,hat gestört,disturbed,परेशान किया
👤 Pronouns,hat gesucht,searched,ढूंढा
👤 Pronouns,hat gesungen,sang,गाया
🏃 Verbs,hat getan,did,किया
🍎 Food,hat geteilt,shared,बाँटा
🏃 Verbs,hat getragen,wore,पहना
🏃 Verbs,hat getrunken,drank,पिया
🏃 Verbs,hat gewartet,waited,इंतज़ार किया
🏃 Verbs,hat geweckt,woke,जगाया
🍎 Food,hat geweint,cried,रोया
🏃 Verbs,hat gewusst,knew,जानता था
🏃 Verbs,hat gewählt,chose,चुना
🏃 Verbs,hat gezahlt,paid,भुगतान किया
🍎 Food,hat gezeichnet,drew,चित्र बनाया
🍎 Food,hat gezeigt,showed,दिखाया
👤 Pronouns,hat geändert,changed,बदला
🏃 Verbs,hat geöffnet,opened,खोला
🏃 Verbs,hat geübt,practised,अभ्यास किया
👤 Pronouns,hat hergestellt,produced,बनाया
👤 Pronouns,hat interessiert,interested,दिलचस्पी दिखाई
👤 Pronouns,hat kontrolliert,checked,जाँचा
🍎 Food,hat leidgetan,was sorry,अफ़सोस जताया
🥤 Drinks,hat probiert,tried,कोशिश की
🏃 Verbs,hat recht gehabt,was right,सही था
👤 Pronouns,hat renoviert,renovated,मरम्मत की
🏃 Verbs,hat stattgefunden,took place,हुआ
👤 Pronouns,hat unterhalten,entertained,बातचीत की
👤 Pronouns,hat untersucht,examined,जाँचा
👤 Pronouns,hat verdient,earned,कमाया
🍎 Food,hat vereinbart,agreed,सहमत हुआ
🍎 Food,hat vergessen,forgot,भूल गया
👤 Pronouns,hat verglichen,compared,तुलना की
👤 Pronouns,hat verkauft,sold,बेचा
👤 Pronouns,hat verletzt,injured,चोट पहुँचाई
👤 Pronouns,hat verliebt,fell in love,प्यार हो गया
👤 Pronouns,hat verloren,lost,खोया
🎒 Personal Items,hat verpasst,missed,चूक गया
👤 Pronouns,hat verschoben,postponed,टाला
👤 Pronouns,hat verstanden,understood,समझा
👤 Pronouns,hat versucht,tried,कोशिश की
🍎 Food,hat vorbereitet,prepared,तैयार किया
👤 Pronouns,hat vorgestellt,introduced,परिचय कराया
🚗 Transport & Travel,hat zugehört,listened,सुना
⏰ Time,hat übernachtet,stayed overnight,रात बिताई
🏃 Verbs,hat/ist,has/is,है
🏃 Verbs,hat/ist gelegen,lay,लेटा
🍎 Food,hat/ist gesessen,sat,बैठा
👤 Pronouns,hat/ist gestanden,stood,खड़ा था
👤 Pronouns,hat/ist gesurft,surfed,सर्फ किया
🏃 Verbs,hatte,had,था
🏠 House & Furniture,Hausmann,househusband,घरेलू पति
🍎 Food,heiraten,to marry,शादी करना
🍎 Food,heiß,hot,गर्म
🍎 Food,heißen,to be called,कहलाना
👤 Pronouns,her/her-/-her,here (prefix),यहाँ
👤 Pronouns,heraus/raus,out,बाहर
🌳 Nature & Weather,herberge,hostel,हॉस्टल
🍎 Food,herein/rein,in/inside,अंदर
💼 Work & Job,herstellen,to produce,बनाना
👤 Pronouns,herzlich,heartfelt,दिल से
⏰ Time,heute Abend,tonight,आज रात
⏰ Time,Heute ist der 20.2.2012,Today is 20 Feb 2012,आज 20 फरवरी 2012 है
🏃 Verbs,hin/hin-/-hin,there (prefix),वहाँ
👤 Pronouns,hoffentlich,hopefully,उम्मीद है
🏃 Verbs,hängen,to hang,लटकना
🏃 Verbs,hört auf,stops,रुकता है
👤 Pronouns,immer,always,हमेशा
👤 Pronouns,informieren,to inform,सूचित करना
👤 Pronouns,informiert,informed,सूचित
🏠 House & Furniture,ins Bett gehen,to go to bed,सोने जाना
🏃 Verbs,intelligent,intelligent,बुद्धिमान
👤 Pronouns,interessiert,interested,दिलचस्पी रखता
👤 Pronouns,international,international,अंतर्राष्ट्रीय
🏃 Verbs,ist (ab)gefahren,departed,रवाना हुआ
🏃 Verbs,ist (ab)geflogen,took off,उड़ान भरी
🍎 Food,ist dabei,is there,वहाँ है
🍎 Food,ist eingezogen,moved in,रहने आया
🍎 Food,ist einverstanden,agrees,सहमत है
🏥 Health & Feelings,ist erkältet,has a cold,जुकाम है
👤 Pronouns,ist fertig,is ready,तैयार है
👤 Pronouns,ist fit gewesen,was fit,फिट था
🏥 Health & Feelings,ist geblieben,stayed,रुका
🏃 Verbs,ist gegangen,went,गया
🏃 Verbs,ist gekommen,came,आया
🏃 Verbs,ist gelaufen,ran,दौड़ा
❓ Question Words,ist geschwommen,swam,तैरा
👤 Pronouns,ist gestorben,died,मर गया
👤 Pronouns,ist gewandert,hiked,पैदल चला
👤 Pronouns,ist gewesen,was,था
❓ Question Words,ist geworden,became,बना
👤 Pronouns,ist gültig gewesen,was valid,वैध था
🎒 Personal Items,ist passiert,happened,हुआ
👤 Pronouns,ist umgestiegen,changed (transport),बदला
🚗 Transport & Travel,ist unterwegs,is on the way,रास्ते में है
🍎 Food,ist verreist,is travelling,यात्रा पर है
🏃 Verbs,ist/hat gejoggt,jogged,जॉगिंग किया
🏃 Verbs,joggen,to jog,जॉगिंग करना
🍎 Food,keinen Fall,no way,बिल्कुल नहीं
📚 School & Learning,kennenlernen,to get to know,जानना
🏃 Verbs,klappen,to work out,काम करना
👤 Pronouns,klettern,to climb,चढ़ना
🏃 Verbs,klingeln,to ring,बजना
🏃 Verbs,Klub,club,क्लब
🏃 Verbs,kommt an,arrives,पहुँचता है
🏃 Verbs,kontaktlos bezahlen,contactless payment,कॉन्टैक्टलेस पेमेंट
👤 Pronouns,kontrollieren,to check,जाँचना
👤 Pronouns,kontrolliert,checked,जाँचा
🏃 Verbs,lange,long,लंबा
🏃 Verbs,lassen,to let,देना
🏃 Verbs,laufen),run,दौड़ना
🍎 Food,leicht,easy; light,आसान; हल्का
🍎 Food,leider,unfortunately,दुर्भाग्य से
🍎 Food,leidtun/leid tun,to be sorry,अफ़सोस होना
🍎 Food,leihen,to lend,उधार देना
🍎 Food,leise,quiet,शांत
👤 Pronouns,lernt kennen,gets to know,जानता है
🏃 Verbs,letzt-,last (prefix),आखिरी
🏃 Verbs,lieb-,dear (prefix),प्यारा
🏃 Verbs,Lieblings-,favourite (prefix),पसंदीदा
👤 Pronouns,liefern,to deliver,डिलीवर करना
🏃 Verbs,live,live,लाइव
👤 Pronouns,Länder und Nationalitäten,Countries and nationalities,देश और राष्ट्रीयता
🏃 Verbs,lügen,to lie,झूठ बोलना
🏃 Verbs,machen/-helfen),do/help,करना/मदद
🔗 Adverbs & Connectors,mal / das Mal,times; the time,बार; समय
🏃 Verbs,malen,to paint,पेंट करना
👤 Pronouns,manch-,some (prefix),कुछ
👤 Pronouns,manchmal,sometimes,कभी-कभी
🏃 Verbs,mehr,more,अधिक
🍎 Food,meinen,to mean,मतलब
🍎 Food,meiner Meinung nach,in my opinion,मेरी राय में
🍎 Food,meist-,most (prefix),सबसे
🏃 Verbs,meldet an,registers,पंजीकरण करता है
👤 Pronouns,merken,to notice,ध्यान देना
👤 Pronouns,mindestens,at least,कम से कम
🍎 Food,mit Frühstück,with breakfast,नाश्ते सहित
🏃 Verbs,mochte,liked,पसंद था
👕 Clothing,modern,modern,आधुनिक
⏰ Time,morgen früh,tomorrow morning,कल सुबह
👤 Pronouns,männlich,male,पुरुष
🏠 House & Furniture,nach Hause kommen,to come home,घर आना
🏃 Verbs,nebenan,next door,बगल में
🏃 Verbs,nennen,to name,नाम देना
👤 Pronouns,nicht zustimmen,to disagree,असहमत होना
👤 Pronouns,nichts,nothing,कुछ नहीं
🔗 Adverbs & Connectors,nie,never,कभी नहीं
🏃 Verbs,nirgends,nowhere,कहीं नहीं
✨ Adjectives,normal,normal,सामान्य
🌳 Nature & Weather,notieren,to note,नोट करना
🏃 Verbs,notwendig,necessary,जरूरी
✨ Adjectives,nächste,next,अगला
👕 Clothing,nähen,to sew,सिलाई
👤 Pronouns,nützlich,useful,उपयोगी
🔗 Adverbs & Connectors,oft,often,अक्सर
🏃 Verbs,online,online,ऑनलाइन
👤 Pronouns,organisieren,to organise,व्यवस्थित करना
👤 Pronouns,organisiert,organised,व्यवस्थित
🏃 Verbs,packen,to pack,पैक करना
🍎 Food,packt ein,packs,पैक करता है
🚗 Transport & Travel,parken,to park,पार्क करना
🎒 Personal Items,passieren,to happen,होना
🎒 Personal Items,passiert,happened,हुआ
🎒 Personal Items,passt auf,pays attention,ध्यान देता है
🍎 Food,peinlich,embarrassing,शर्मनाक
🏃 Verbs,planen,to plan,योजना बनाना
👤 Pronouns,plötzlich,suddenly,अचानक
🏠 House & Furniture,praktisch,practical,व्यावहारिक
🍎 Food,preiswert,good value,सस्ता
✨ Adjectives,privat,private,निजी
🏃 Verbs,pro,per,प्रति
🥤 Drinks,probieren,to try on,ट्राय करना
🥤 Drinks,probiert,tried,कोशिश किया
🎨 Colors,protestieren,to protest,विरोध करना
🏃 Verbs,prüfen,to check,जाँचना
🏃 Verbs,raten,to advise,सलाह देना
🔗 Adverbs & Connectors,rauchen,to smoke,धूम्रपान करना
🏃 Verbs,rechnen,to calculate,गणना करना
🏃 Verbs,recht haben,to be right,सही होना
🏃 Verbs,recyceln,to recycle,रीसाइकल करना
📱 Communication,reden,to talk,बात करना
🏃 Verbs,regelmäßig,regularly,नियमित
👤 Pronouns,regnerisch,rainy,बारिश वाला
🍎 Food,reich,rich,अमीर
🍎 Food,reisen,to travel,यात्रा करना
🍎 Food,reiten,to ride,घुड़सवारी करना
👤 Pronouns,renovieren,to renovate,मरम्मत करना
👤 Pronouns,reparieren,to repair,मरम्मत करना
👤 Pronouns,reservieren,to reserve,आरक्षित करना
👤 Pronouns,reserviert,reserved,आरक्षित
👤 Pronouns,reservierte,reserved,आरक्षित किया
🏠 House & Furniture,romantisch,romantic,रोमांटिक
🏃 Verbs,ruht aus,rests,आराम करता है
🔗 Adverbs & Connectors,rund,round,गोल
🏃 Verbs,sammeln,to collect,इकट्ठा करना
🏃 Verbs,sammelt,collects,इकट्ठा करता है
🏃 Verbs,satt,full (after eating),पेट भरा
🏃 Verbs,schade,pity,अफ़सोस
🐾 Animals,schaffen,to manage,कर लेना
🍎 Food,scheinen,to seem,लगना
🏃 Verbs,schimpfen,to scold,डाँटना
🏃 Verbs,schimpft,scolds,डाँटता है
🏃 Verbs,schlafen gehen,to go to sleep,सोने जाना
🏥 Health & Feelings,schlechte Laune,bad mood,खराब मूड
🏃 Verbs,schließt,closes,बंद करता है
🏃 Verbs,schließt ab,locks,ताला लगाता है
🏃 Verbs,schlimm,bad,बुरा
🏃 Verbs,schmeckt,tastes,स्वाद आता है
🍎 Food,schneiden (sich),to cut,काटना
🍎 Food,schneidet,cuts,काटता है
👤 Pronouns,schrecklich,terrible,भयानक
🍎 Food,schreiben,to write,लिखना
👤 Pronouns,schriftlich,in writing,लिखित
✨ Adjectives,schwach,weak,कमज़ोर
🐾 Animals,schwanger,pregnant,गर्भवती
🏃 Verbs,schwimmen gehen,to go swimming,तैराकी करने जाना
👤 Pronouns,schädlich,harmful,नुकसानदेह
🏃 Verbs,schützen,to protect,संरक्षण करना
🍎 Food,sein,to be,होना
👤 Pronouns,setzen (sich),to sit down,बैठना
🏃 Verbs,setzt,sets,रखता है
🏃 Verbs,setzung,translation,अनुवाद
👤 Pronouns,sich anziehen,to get dressed,कपड़े पहनना
👤 Pronouns,sich ausruhen,to rest,आराम करना
👤 Pronouns,sich ausziehen,to undress,कपड़े उतारना
🍎 Food,sich beeilen,to hurry,जल्दी करना
👤 Pronouns,sich rasieren,to shave,शेव करना
👤 Pronouns,sich schminken,to put on makeup,मेकअप करना
🍎 Food,sich streiten,to argue,झगड़ा करना
👤 Pronouns,sich versöhnen,to make up,सुलह करना
👤 Pronouns,sicher,safe,सुरक्षित
👤 Pronouns,sieht aus,looks,दिखता है
🏃 Verbs,so,so,इतना
🏙️ Places & City,sofort,immediately,तुरंत
🔗 Adverbs & Connectors,sogar,even,भी
🏃 Verbs,sollte,should,चाहिए था
🏃 Verbs,sonst,otherwise,वरना
🚗 Transport & Travel,spannend,exciting,रोमांचक
👤 Pronouns,spazieren gehen,to go for a walk,सैर करना
🏃 Verbs,spielen (Instrument),to play (instrument),बजाना
🏃 Verbs,spielt,plays,खेलता है
🏙️ Places & City,sportlich,sporty,खेल प्रेमी
✨ Adjectives,stark,strong,मज़बूत
🏃 Verbs,stattfinden,to take place,होना
🍎 Food,steigt aus,gets off,उतरता है
🍎 Food,steigt ein,gets in,चढ़ता है
🏃 Verbs,stellt vor,introduces,परिचय कराता है
👤 Pronouns,sterben,to die,मरना
🏃 Verbs,streamen,to stream,स्ट्रीम करना
🍎 Food,streiten (sich),to argue,झगड़ना
🏃 Verbs,streng,strict,सख्त
🏥 Health & Feelings,stressig,stressful,तनावपूर्ण
👕 Clothing,stricken,to knit,बुनाई
🏃 Verbs,stören,to disturb,परेशान करना
🏠 House & Furniture,stürmisch,stormy,तूफानी
🏃 Verbs,surfen,to surf,सर्फ करना
📱 Communication,surfen im Internet,to surf the internet,इंटरनेट सर्फ करना
🏃 Verbs,sympathisch,likeable,सहानुभूतिपूर्ण
🏃 Verbs,tauscht (aus),exchanges,अदला-बदली करता है
🍎 Food,teilen,to share,बाँटना
🍎 Food,teilnehmen,to participate,भाग लेना
🛒 Shopping & Money,teuer,expensive,महंगा
🏃 Verbs,tief,deep,गहरा
🏃 Verbs,tot,dead,मृत
🏃 Verbs,total,total,कुल
👤 Pronouns,trainieren,to train,प्रशिक्षण लेना
👤 Pronouns,treffen (sich),to meet,मिलना
🏃 Verbs,trifft,meets,मिलता है
🍎 Food,trägt ein,enters,दर्ज करता है
🏃 Verbs,träumen,to dream,सपना देखना
🏃 Verbs,träumt,dreams,सपना देखता है
🏃 Verbs,tschüs,bye,बाय
🏃 Verbs,tun,to do,करना
🏃 Verbs,tung,(suffix),ता/ती
⏰ Time,um ... Uhr,at ... o'clock,... बजे
🏃 Verbs,unbedingt,absolutely,अवश्य
🏥 Health & Feelings,ungesund,unhealthy,अस्वस्थ
👤 Pronouns,unterhalten (sich),to converse,बातचीत करना
👤 Pronouns,unterhält,entertains,बातचीत करता है
👤 Pronouns,unternehmen,to do (activity),करना
🍎 Food,unterschreiben,to sign,हस्ताक्षर करना
👤 Pronouns,untersuchen,to examine,जाँचना
👤 Pronouns,untersucht,examines,जाँचता है
🍎 Food,unterwegs sein,to be on the way,रास्ते में होना
🏃 Verbs,vegan,vegan,शुद्ध शाकाहारी
🏃 Verbs,vegetarisch,vegetarian,शाकाहारी
📱 Communication,verabreden (sich),to arrange to meet,मुलाकात तय करना
🍎 Food,verabredet sein,to have a date,मुलाकात तय होना
👤 Pronouns,verbieten /,to forbid,मना करना
🍎 Food,verboten sein,to be forbidden,मना होना
🍎 Food,vereinbaren,to agree,तय करना
🍎 Food,vergessen,to forget,भूलना
👤 Pronouns,vergisst,forgets,भूल जाता है
🍎 Food,vergleichen,to compare,तुलना करना
🍎 Food,vergleicht,compares,तुलना करता है
👤 Pronouns,verlaufen (sich),to get lost,रास्ता भूल जाना
👤 Pronouns,verletzen (sich),to injure,चोट लगना
👤 Pronouns,verletzt,injured,चोट लगी
🏥 Health & Feelings,verlieben (sich),to fall in love,प्यार में पड़ना
🍎 Food,verliebt sein,to be in love,प्यार में होना
👤 Pronouns,verliert,loses,खो देता है
👤 Pronouns,verlobt,engaged,सगाई किया हुआ
🏠 House & Furniture,vermieten,to rent out,किराये पर देना
🎒 Personal Items,verpassen,to miss,चूकना
🍎 Food,verreisen,to travel,यात्रा पर जाना
🍎 Food,verreist,travelling,यात्रा पर
👤 Pronouns,verschieben,to postpone,टालना
👤 Pronouns,verschieden,different,अलग
⏰ Time,verspätet,late/delayed,देर से
👤 Pronouns,versteht,understands,समझता है
👤 Pronouns,versucht,tries,कोशिश करता है
🍎 Food,verzweifelt,desperate,निराश
✨ Adjectives,viel,much,बहुत
🍎 Food,vielleicht,perhaps,शायद
👤 Pronouns,Viertel nach,quarter past,सवा
👤 Pronouns,Viertel vor,quarter to,पौने
🍎 Food,vorbei,past,पिछला
🍎 Food,vorbereiten,to prepare,तैयार करना
👤 Pronouns,vorher,before,पहले
🔗 Adverbs & Connectors,vorn(e),at the front,आगे
🏃 Verbs,vorschlagen,to suggest,सुझाव देना
👤 Pronouns,vorsichtig,careful,सावधान
💼 Work & Job,vorstellen (sich),to introduce oneself,परिचय देना
🏙️ Places & City,Vorwort,foreword,प्रस्तावना
🏃 Verbs,vorwärts,forward,आगे
🏃 Verbs,wach,awake,जागा हुआ
🏃 Verbs,wahr,true,सच
👤 Pronouns,wandern,to hike,हाइकिंग करना
🍎 Food,war dabei,was there,वहाँ था
🏃 Verbs,war fit,was fit,फिट था
🏃 Verbs,wartet,waits,इंतज़ार करता है
❓ Question Words,waschen (sich),to wash,धोना
🍎 Food,weg sein,to be gone,गायब होना
✨ Adjectives,wenigstens,at least,कम से कम
❓ Question Words,wer (wen,who (whom,कौन (किसे
🏃 Verbs,willkommen,welcome,स्वागत
🏃 Verbs,witzig,funny,मजेदार
❓ Question Words,wolkig,cloudy,बादल वाला
🏙️ Places & City,Wortgruppen,word groups,शब्द समूह
🏥 Health & Feelings,wunderbar,wonderful,शानदार
🏃 Verbs,wählen,to vote,वोट देना
🍎 Food,würdigkeit,worthiness,योग्यता
🏃 Verbs,würzig,spicy,मसालेदार
🍎 Food,zeichnen,to draw,ड्रॉ करना
🍎 Food,zeigen,to show,दिखाना
🏃 Verbs,zieht (an/aus),puts on/takes off,पहनता/उतारता है
🍎 Food,zieht ein,moves in,रहने आता है
🍎 Food,zu sein,to be,होना
🏃 Verbs,zuhören,to listen,सुनना
🍎 Food,zum Beispiel,for example,उदाहरण के लिए
🏃 Verbs,zumachen,to close,बंद करना
🏃 Verbs,zunehmen,to gain weight,वज़न बढ़ना
🍎 Food,zur Arbeit gehen,to go to work,काम पर जाना
🍎 Food,zurzeit,currently,वर्तमान में
🏃 Verbs,zurück,back,वापस
🏃 Verbs,zurück-,back (prefix),वापस
🏃 Verbs,zusammen,together,साथ
🏃 Verbs,zustimmen,to agree,सहमत होना
👤 Pronouns,ändern,to change,बदलना
👤 Pronouns,ärgern (sich),to get angry,गुस्सा होना
👤 Pronouns,ärgert,annoys,परेशान करता है
⏰ Time,übernachten,to stay overnight,रात रुकना
👤 Pronouns,übersetzen,to translate,अनुवाद करना
🍎 Food,überweisen,to transfer,ट्रांसफर करना
🍎 Food,überweist,transfers,ट्रांसफर करता है
