German,English,Hindi
(ab)fahren,To be translated,अनुवाद किया जाना है
(ab)fliegen,To be translated,अनुवाद किया जाना है
(an-)/(aus)ziehen,To be translated,अनुवाद किया जाना है
(an/aus)gezogen,To be translated,अनुवाद किया जाना है
(aus)tauschen,To be translated,अनुवाद किया जाना है
(fahren,To be translated,अनुवाद किया जाना है
(haben/machen),To be translated,अनुवाद किया जाना है
(hat wollen als Modalverb),To be translated,अनुवाद किया जाना है
(jahr,To be translated,अनुवाद किया जाना है
(sich),To be translated,अनुवाद किया जाना है
(sich) (über),To be translated,अनुवाद किया जाना है
(z. B. Feierabend,To be translated,अनुवाद किया जाना है
(z. B. Infotafel),To be translated,अनुवाद किया जाना है
(z. B. weiter-,To be translated,अनुवाद किया जाना है
-fahren/-gehen/,To be translated,अनुवाद किया जाना है
-laufen/-machen/,To be translated,अनुवाद किया जाना है
-nehmen/-spielen),To be translated,अनुवाद किया जाना है
-nehmen/-werfen),To be translated,अनुवाद किया जाना है
abgeben,To be translated,अनुवाद किया जाना है
abheben,to withdraw money,पैसे निकालना
abholen,To be translated,अनुवाद किया जाना है
abnehmen,to lose weight,वज़न कम करना
abschließen,To be translated,अनुवाद किया जाना है
Achtung (Sg.),To be translated,अनुवाद किया जाना है
aktiv,To be translated,अनुवाद किया जाना है
aktuell,To be translated,अनुवाद किया जाना है
all-,To be translated,अनुवाद किया जाना है
allein,To be translated,अनुवाद किया जाना है
alles Gute zum Geburtstag,happy birthday,जन्मदिन मुबारक
als,To be translated,अनुवाद किया जाना है
am besten,To be translated,अनुवाद किया जाना है
am liebsten,To be translated,अनुवाद किया जाना है
an sein / aus sein,To be translated,अनुवाद किया जाना है
anbieten,To be translated,अनुवाद किया जाना है
ander-,To be translated,अनुवाद किया जाना है
anfangen,To be translated,अनुवाद किया जाना है
angeln,to fish,मछली पकड़ना
anmachen,To be translated,अनुवाद किया जाना है
anmelden (sich),To be translated,अनुवाद किया जाना है
ansehen,To be translated,अनुवाद किया जाना है
arbeiten,To be translated,अनुवाद किया जाना है
arbeitslos,To be translated,अनुवाद किया जाना है
auf jeden/,To be translated,अनुवाद किया जाना है
auf sein,To be translated,अनुवाद किया जाना है
aufmachen,To be translated,अनुवाद किया जाना है
aufpassen,To be translated,अनुवाद किया जाना है
aufregend,To be translated,अनुवाद किया जाना है
aufstehen,to get up,उठना
ausblasen,to blow out,बुझाना (मोमबत्ती)
auschecken,to check out,चेक आउट करना
ausgeben,to spend,खर्च करना
ausgehen,To be translated,अनुवाद किया जाना है
ausleihen,to borrow,उधार लेना
ausmachen,To be translated,अनुवाद किया जाना है
auspacken,to unwrap,खोलना (उपहार)
ausruhen (sich),To be translated,अनुवाद किया जाना है
aussehen,to look (appearance),दिखना
aussprechen,To be translated,अनुवाद किया जाना है
aussteigen,To be translated,अनुवाद किया जाना है
austragen,To be translated,अनुवाद किया जाना है
automatisch,To be translated,अनुवाद किया जाना है
außer,To be translated,अनुवाद किया जाना है
außerdem,To be translated,अनुवाद किया जाना है
außerhalb,To be translated,अनुवाद किया जाना है
baden,To be translated,अनुवाद किया जाना है
basteln,to do crafts,हस्तशिल्प
bauen,To be translated,अनुवाद किया जाना है
beantworten,To be translated,अनुवाद किया जाना है
beantworter,To be translated,अनुवाद किया जाना है
beantwortet,To be translated,अनुवाद किया जाना है
bedanken (sich),To be translated,अनुवाद किया जाना है
bedankt,To be translated,अनुवाद किया जाना है
bedeuten,To be translated,अनुवाद किया जाना है
beeilen (sich),to hurry,जल्दी करना
beeilt,To be translated,अनुवाद किया जाना है
begründen,To be translated,अनुवाद किया जाना है
bei,To be translated,अनुवाद किया जाना है
beide,To be translated,अनुवाद किया जाना है
bekannt,To be translated,अनुवाद किया जाना है
bekommt,To be translated,अनुवाद किया जाना है
beliebt,To be translated,अनुवाद किया जाना है
benutzen,To be translated,अनुवाद किया जाना है
bequem,To be translated,अनुवाद किया जाना है
beraten,To be translated,अनुवाद किया जाना है
bereitet vor,To be translated,अनुवाद किया जाना है
berichten,To be translated,अनुवाद किया जाना है
Berlin,To be translated,अनुवाद किया जाना है
berühmt,To be translated,अनुवाद किया जाना है
beschreiben,To be translated,अनुवाद किया जाना है
beschwert,To be translated,अनुवाद किया जाना है
besichtigen,To be translated,अनुवाद किया जाना है
besichtigt,To be translated,अनुवाद किया जाना है
besorgt,worried,चिंतित
besteht,To be translated,अनुवाद किया जाना है
bestellt,To be translated,अनुवाद किया जाना है
bestätigen,To be translated,अनुवाद किया जाना है
besuchen,To be translated,अनुवाद किया जाना है
besucht,To be translated,अनुवाद किया जाना है
bewerben (sich),To be translated,अनुवाद किया जाना है
bewirbt,To be translated,अनुवाद किया जाना है
billig,To be translated,अनुवाद किया जाना है
bisschen,To be translated,अनुवाद किया जाना है
bitten,To be translated,अनुवाद किया जाना है
bleiben,To be translated,अनुवाद किया जाना है
bleibt,To be translated,अनुवाद किया जाना है
blond,To be translated,अनुवाद किया जाना है
blöd,To be translated,अनुवाद किया जाना है
braucht,To be translated,अनुवाद किया जाना है
bringt,To be translated,अनुवाद किया जाना है
brät,To be translated,अनुवाद किया जाना है
buchstabieren,To be translated,अनुवाद किया जाना है
bügeln,to iron,इस्त्री करना
chatten,To be translated,अनुवाद किया जाना है
da(r) (Bsp. darauf,To be translated,अनुवाद किया जाना है
dabei (sein),To be translated,अनुवाद किया जाना है
damals,To be translated,अनुवाद किया जाना है
daneben,To be translated,अनुवाद किया जाना है
dankbar,grateful,कृतज्ञ
danken,To be translated,अनुवाद किया जाना है
darüber),To be translated,अनुवाद किया जाना है
das (Fahr)Rad,To be translated,अनुवाद किया जाना है
das Abendessen,dinner,रात का खाना
das Alter (Sg.),To be translated,अनुवाद किया जाना है
das Aquarium,aquarium,एक्वेरियम
das Arbeitsamt,employment office,रोजगार कार्यालय
das Ausland (Sg.),To be translated,अनुवाद किया जाना है
das Auto,To be translated,अनुवाद किया जाना है
das Autoabgase,car exhaust,कार का धुआँ
das Bad,bathroom,बाथरूम
das Badezimmer,bathroom,बाथरूम
das Ballett,ballet,बैले
das Bargeld,cash,नकद
das Bettzeug,bedding,बिस्तर का सामान
das Brettspiel,board game,बोर्ड गेम
das Brot,bread,रोटी
das Buch lesen,to read a book,किताब पढ़ना
das Bügeleisen,iron,प्रेस
das CO2,CO2,सीओ2
das Date,date,डेट
das Denkmal,monument,स्मारक
das Dessert,dessert,डेज़र्ट
das Ding,To be translated,अनुवाद किया जाना है
das Doppelzimmer,double room,डबल रूम
das E-Book,To be translated,अनुवाद किया जाना है
das Eichhörnchen,squirrel,गिलहरी
das Einkaufs-,To be translated,अनुवाद किया जाना है
das Einzelzimmer,single room,सिंगल रूम
das Eis (Sg.),To be translated,अनुवाद किया जाना है
das Erdbeben,earthquake,भूकंप
das Etikett,label,लेबल
das Fach,subject,विषय
das Fahrrad,bicycle,साइकिल
das Fahrrad fahren,to ride a bike,साइकिल चलाना
das Fax,fax,फैक्स
das Festival,To be translated,अनुवाद किया जाना है
das Fieber (Sg.),To be translated,अनुवाद किया जाना है
das Fitness,fitness,फिटनेस
das Fleisch (Sg.),To be translated,अनुवाद किया जाना है
das Foto machen,to take a photo,फोटो खींचना
das Frühstück (Sg.),To be translated,अनुवाद किया जाना है
das Frühstücksbuffet,breakfast buffet,नाश्ता बुफे
das Fußballspiel,football match,फुटबॉल मैच
das Gate,gate,गेट
das Gegenteil,To be translated,अनुवाद किया जाना है
das Geld (Sg.),To be translated,अनुवाद किया जाना है
das Geld abheben,to withdraw money,पैसे निकालना
das Geld einzahlen,to deposit money,पैसे जमा करना
das Geldautomat,ATM,एटीएम
das Gemälde,painting,पेंटिंग
das Gemüse (Sg.),To be translated,अनुवाद किया जाना है
das Gepäck (Sg.),To be translated,अनुवाद किया जाना है
das Gericht,dish,डिश
das Gerät,To be translated,अनुवाद किया जाना है
das Geschirr (Sg.),To be translated,अनुवाद किया जाना है
das Gesetz,law,कानून
das Gespräch,conversation (phone),बातचीत
das Gewicht,weight,वज़न
das Gleis,To be translated,अनुवाद किया जाना है
das Glück (Sg.),To be translated,अनुवाद किया जाना है
das GPS,GPS,जीपीएस
das Haar,hair,बाल
das Hauptgericht,main course,मेन कोर्स
das Hobby,hobby,शौक
das Hotelzimmer,hotel room,होटल का कमरा
das Insekt,insect,कीड़ा
das Instrument,instrument,वाद्य यंत्र
das Interesse,To be translated,अनुवाद किया जाना है
das Internet (Sg.),To be translated,अनुवाद किया जाना है
das Interview,To be translated,अनुवाद किया जाना है
das Jahrhundert,century,सदी
das Jahrzehnt,decade,दशक
das Karussell,carousel,मेरी गो राउंड
das Klavier,piano,पियानो
das Klavier spielen,to play piano,पियानो बजाना
das Kleid,To be translated,अनुवाद किया जाना है
das Klima,climate,जलवायु
das Klo,toilet (informal),टॉयलेट
das Konto,account,खाता
das Konzert,concert,कॉन्सर्ट
das Laken,sheet,चादर
das Licht,To be translated,अनुवाद किया जाना है
das Lied,song,गाना
das Lokal,To be translated,अनुवाद किया जाना है
das Material,material,सामग्री
das Meeting,meeting,मीटिंग
das Mineral-,To be translated,अनुवाद किया जाना है
das Mittagessen,lunch,दोपहर का खाना
das Mobil-,To be translated,अनुवाद किया जाना है
das Muster,pattern,पैटर्न
das Obst (Sg.),To be translated,अनुवाद किया जाना है
das Paar,To be translated,अनुवाद किया जाना है
das Paket,parcel,पार्सल
das Paket verschicken,to send a parcel,पार्सल भेजना
das Pflaster,band-aid,बैंड-एड
das Pfund,pound (weight),पाउंड
das Picknick,picnic,पिकनिक
das Plakat,To be translated,अनुवाद किया जाना है
das Plastik,plastic,प्लास्टिक
das Poster,To be translated,अनुवाद किया जाना है
das Praktikum,To be translated,अनुवाद किया जाना है
das Problem,problem,समस्या
das Problem lösen,to solve a problem,समस्या हल करना
das Produkt,To be translated,अनुवाद किया जाना है
das Programm,To be translated,अनुवाद किया जाना है
das Publikum,audience,दर्शक
das Putzmittel,cleaning product,सफाई का सामान
das Quiz (Sg.),To be translated,अनुवाद किया जाना है
das Radfahren,cycling,साइकिल चलाना
das Recht,right,अधिकार
das Referat,presentation,प्रेजेंटेशन
das Reh,roe deer,हिरणी
das Reisebüro,To be translated,अनुवाद किया जाना है
das Rind,To be translated,अनुवाद किया जाना है
das Rätsel,To be translated,अनुवाद किया जाना है
das Schach,chess,शतरंज
das Schild,To be translated,अनुवाद किया जाना है
das Schwimm-,To be translated,अनुवाद किया जाना है
das Selfie,selfie,सेल्फी
das Semester,semester,सेमेस्टर
das Seminar,seminar,सेमिनार
das Shampoo,shampoo,शैंपू
das Skifahren,skiing,स्कीइंग
das Sofa,sofa,सोफा
das Solarenergie,solar energy,सौर ऊर्जा
das Sonderangebot,special offer,स्पेशल ऑफर
das Souvenir,souvenir,स्मृति चिह्न
das Sparkonto,savings account,बचत खाता
das Spiel,game,खेल
das Stipen-,To be translated,अनुवाद किया जाना है
das Stipendium,scholarship,छात्रवृत्ति
das Stockwerk,To be translated,अनुवाद किया जाना है
das Studentenwohnheim,student dormitory,छात्रावास
das Studium (Sg.),To be translated,अनुवाद किया जाना है
das Taschengeld,To be translated,अनुवाद किया जाना है
das Tennis,tennis,टेनिस
das Tennis (Sg.),To be translated,अनुवाद किया जाना है
das Thema,To be translated,अनुवाद किया जाना है
das Thermometer,thermometer,थर्मामीटर
das Ticket,ticket,टिकट
das Ticket kaufen,to buy a ticket,टिकट खरीदना
das Tor,goal,गोल
das Tor schießen,to score a goal,गोल करना
das Training,training,ट्रेनिंग
das Trinkgeld,tip,टिप
das Verkehrs-,To be translated,अनुवाद किया जाना है
das Verkehrsschild,traffic sign,ट्रैफिक साइन
das Wasser (Sg.),To be translated,अनुवाद किया जाना है
das Wetter (Sg.),To be translated,अनुवाद किया जाना है
das Wiederhören,goodbye (on phone),फोन पर अलविदा
das Wörterbuch,dictionary,शब्दकोश
das Zelt,tent,तंबू
das Zentrum,center,केंद्र
das Ziel,goal/target,लक्ष्य/गोल
das Zimmer reservieren,to reserve a room,कमरा बुक करना
das Öl,To be translated,अनुवाद किया जाना है
de Rentner,To be translated,अनुवाद किया जाना है
der Abflug,departure (flight),प्रस्थान
der Abschluss,degree/graduation,डिग्री
der Adler,eagle,ईगल
der Albtraum,nightmare,बुरा सपना
der Alltag,everyday life,रोज़मर्रा की ज़िंदगी
der Anruf-,To be translated,अनुवाद किया जाना है
der Anschluss,To be translated,अनुवाद किया जाना है
der Apparat,To be translated,अनुवाद किया जाना है
der Appetit,appetite,भूख
der Artikel,article,लेख
der Ast,branch,डाल
der Aufsatz,essay,निबंध
der Aufzug,elevator,लिफ्ट
der Ausflug,excursion,पिकनिक
der Ausländer,foreigner,विदेशी
der Ausverkauf,sale,सेल
der Ausweis,To be translated,अनुवाद किया जाना है
der Automat,To be translated,अनुवाद किया जाना है
der Autor,author,लेखक
der Azubi,apprentice,प्रशिक्षु
der Babysitter,To be translated,अनुवाद किया जाना है
der Bach,stream,नाला
der Bahnsteig,platform,प्लेटफॉर्म
der Ball,ball,गेंद
der Bankangestellte,bank employee,बैंक कर्मचारी
der Basketball,basketball,बास्केटबॉल
der Benutzer,user,उपयोगकर्ता
der Bescheid,To be translated,अनुवाद किया जाना है
der Besen,broom,झाड़ू
der Besuch,To be translated,अनुवाद किया जाना है
der Betrag,amount,राशि
der Biber,beaver,ऊदबिलाव
der Bio-Müll,organic waste,जैविक कचरा
der Bleistift,To be translated,अनुवाद किया जाना है
der Blutdruck,blood pressure,ब्लड प्रेशर
der Bluttest,blood test,ब्लड टेस्ट
der Brauch,custom,रिवाज
der Briefkasten,mailbox,लेटरबॉक्स
der Brunnen,fountain,फव्वारा
der Buchstabe,To be translated,अनुवाद किया जाना है
der Busch,bush,झाड़ी
der Bäcker,baker,बेकर
der Bürger,citizen,नागरिक
der Cent,cent,सेंट
der Chef,boss,बॉस
der Chor,choir,गायक मंडली
der Club,To be translated,अनुवाद किया जाना है
der Dachs,badger,बज्जू
der Dank (Sg.),To be translated,अनुवाद किया जाना है
der Dokumentarfilm,documentary,डॉक्यूमेंट्री
der Dom,cathedral,कैथेड्रल
der Dozent,lecturer,प्रोफेसर
der Durst (Sing.),To be translated,अनुवाद किया जाना है
der Ehepartner,To be translated,अनुवाद किया जाना है
der Eimer,bucket,बाल्टी
der Eintritt,To be translated,अनुवाद किया जाना है
der Enkel,grandson,पोता
der Euro,euro,यूरो
der Familien-,To be translated,अनुवाद किया जाना है
der Fan,fan,प्रशंसक
der Feiertag,holiday,छुट्टी का दिन
der Film,film/movie,फिल्म
der Fink,finch,फिंच
der Flug,flight,उड़ान
der Flüchtling,refugee,शरणार्थी
der Freitag,Friday,शुक्रवार
der Freundesliste,friends list,फ्रेंड्स लिस्ट
der Friseur,hairdresser,नाई
der Friseursalon,hair salon,हेयर सैलून
der Frost,frost,ठंड
der Fußball,football/soccer,फुटबॉल
der Führer,guide,गाइड
der Führer-,To be translated,अनुवाद किया जाना है
der Geburtstagswunsch,birthday wish,जन्मदिन की शुभकामना
der Geschirrspüler,dishwasher,डिशवॉशर
der Geschmack,taste,स्वाद
der Glück-,To be translated,अनुवाद किया जाना है
der Gruß,To be translated,अनुवाद किया जाना है
der Guide,guide,गाइड
der Gutschein,voucher,वाउचर
der Hagel,hail,ओले
der Hamburger,To be translated,अनुवाद किया जाना है
der Hase,hare/rabbit,खरगोश
der Hass,hate,नफरत
der Haushalt,To be translated,अनुवाद किया जाना है
der Helm,helmet,हेलमेट
der Himmel (Sg.),To be translated,अनुवाद किया जाना है
der Hunger (Sg.),To be translated,अनुवाद किया जाना है
der Igel,hedgehog,साही
der Jahrestag,anniversary,सालगिरह
der Kanal,channel,चैनल
der Kassenbon,receipt,रसीद
der Kassenzettel,receipt,रसीद
der Kellner,waiter,वेटर
der Kiosk,To be translated,अनुवाद किया जाना है
der Kleber,glue,गोंद
der Klimaschutz,climate protection,जलवायु संरक्षण
der Klimawandel,climate change,जलवायु परिवर्तन
der Koch,chef,शेफ
der Kollege,colleague (male),सहकर्मी (पुरुष)
der Kommentar,comment,कमेंट
der Kompass,compass,कंपास
der Kontakt,contact,संपर्क
der Kontoauszug,bank statement,खाता विवरण
der Kontostand,account balance,खाता शेष
der Krankenwagen,ambulance,एम्बुलेंस
der Kredit,loan,लोन
der Krimi,crime story,अपराध कहानी
der Käfer,beetle,भृंग
der Käse (Sg.),To be translated,अनुवाद किया जाना है
der Künstler,artist,कलाकार
der Lappen,cloth,कपड़ा
der Lehrer,teacher (male),शिक्षक
der Lernstoff,study material,पाठ्यक्रम
der Like,like,लाइक
der Link,To be translated,अनुवाद किया जाना है
der Luchs,lynx,लिंक्स
der Luftballon,balloon,गुब्बारा
der Lärm,noise,शोर
der Magen,To be translated,अनुवाद किया जाना है
der Marder,marten,मार्टन
der Marktplatz,market square,मार्केट चौक
der Maulwurf,mole,छछूंदर
der Meister,champion,चैंपियन
der Mensch,To be translated,अनुवाद किया जाना है
der Metzger,butcher,कसाई
der Mitarbeiter,To be translated,अनुवाद किया जाना है
der Moderator,host/presenter,होस्ट
der Moment,To be translated,अनुवाद किया जाना है
der Motor,To be translated,अनुवाद किया जाना है
der Motorroller,To be translated,अनुवाद किया जाना है
der Musiker,musician,संगीतकार
der Müll,rubbish/garbage,कचरा
der Müll (Sg.),To be translated,अनुवाद किया जाना है
der Nachhilfe,tutoring,ट्यूशन
der Nachtisch,dessert,मीठा
der Nachttisch,bedside table,बेडसाइड टेबल
der Notarzt,emergency doctor,इमरजेंसी डॉक्टर
der Optiker,optician,ऑप्टिशियन
der Ordner,folder,फ़ोल्डर
der Ort,To be translated,अनुवाद किया जाना है
der Osterhase,Easter bunny,ईस्टर बनी
der Otter,otter,ऊद
der Papagei,parrot,तोता
der Passkontrolle,passport control,पासपोर्ट कंट्रोल
der Patient,patient,मरीज
der Personalausweis,ID card,आईडी कार्ड
der Plan,plan,योजना
der Podcast,podcast,पॉडकास्ट
der Pokal,trophy,ट्रॉफी
der Politiker,politician,राजनेता
der Preis,price,कीमत
der Prospekt,To be translated,अनुवाद किया जाना है
der Pullover,sweater,स्वेटर
der Puls,pulse,नाड़ी
der Pyjama,pyjamas,पायजामा
der Rabe,raven,कौआ
der Ranzen,school bag,स्कूल बैग
der Rasen,lawn,लॉन
der Raum,To be translated,अनुवाद किया जाना है
der Regen (Sg.),To be translated,अनुवाद किया जाना है
der Regisseur,director,निर्देशक
der Reifen,To be translated,अनुवाद किया जाना है
der Reis (Sg.),To be translated,अनुवाद किया जाना है
der Reiseführer,To be translated,अनुवाद किया जाना है
der Reisepass,passport,पासपोर्ट
der Rekord,record,रिकॉर्ड
der Rentner,retiree (male),पेंशनभोगी
der Rest,To be translated,अनुवाद किया जाना है
der Rhythmus,rhythm,ताल
der Roman,novel,उपन्यास
der Rundgang,To be translated,अनुवाद किया जाना है
der Röntgen,X-ray,एक्स-रे
der Saldo,balance,शेष राशि
der Schalter,switch,स्विच
der Schatten,shadow,छाया
der Schauspieler,actor,अभिनेता
der Schiedsrichter,referee,रेफरी
der Schirm,To be translated,अनुवाद किया जाना है
der Schlaf,sleep,नींद
der Schluss,To be translated,अनुवाद किया जाना है
der Schnee (Sg.),To be translated,अनुवाद किया जाना है
der Schwager,brother-in-law,जीजा/देवर
der Schwan,swan,हंस
der Schwiegersohn,son-in-law,दामाद
der Schwiegervater,father-in-law,ससुर
der Schwindel,dizziness,चक्कर
der Schüler,pupil (male),छात्र
der Sender,station,स्टेशन
der Service (Sg.),To be translated,अनुवाद किया जाना है
der Sieg,victory,जीत
der Ski,To be translated,अनुवाद किया जाना है
der Sonnenschein,sunshine,धूप
der Sonnenschirm,sunshade,सनशेड
der Spatz,sparrow,गौरैया
der Spazier-,To be translated,अनुवाद किया जाना है
der Spaziergang,walk,सैर
der Spaß (Sg.),To be translated,अनुवाद किया जाना है
der Specht,woodpecker,कठफोड़वा
der Spieler,player,खिलाड़ी
der Sport,sports,खेल
der Sport (Sg.),To be translated,अनुवाद किया जाना है
der Sport treiben,to do sports,खेल करना
der Sportplatz,sports field,खेल का मैदान
der Sportunterricht,PE lesson,शारीरिक शिक्षा
der Staat,state,राज्य
der Stadtführer,city guide,शहर गाइड
der Stadtplan,city map,शहर का नक्शा
der Stamm,trunk,तना
der Star,To be translated,अनुवाद किया जाना है
der Staub,dust,धूल
der Staubsauger,vacuum cleaner,वैक्यूम क्लीनर
der Stecker,plug,प्लग
der Stiefsohn,stepson,सौतेला बेटा
der Stiefvater,stepfather,सौतेले पिता
der Stock,To be translated,अनुवाद किया जाना है
der Stoff,fabric,कपड़ा
der Storch,stork,सारस
der Streit,argument,झगड़ा
der Stress (Sg.),To be translated,अनुवाद किया जाना है
der Student,student (male),छात्र (विश्वविद्यालय)
der Stundenplan,timetable,समय-सारणी
der Swimmingpool,swimming pool,स्विमिंग पूल
der Sänger,singer (male),गायक
der Tau,dew,ओस
der Teich,pond,तालाब
der Termin beim Arzt,doctor's appointment,डॉक्टर का अपॉइंटमेंट
der Tierpark,animal park,जानवर पार्क
der Tipp,To be translated,अनुवाद किया जाना है
der Titel,To be translated,अनुवाद किया जाना है
der Tourist,To be translated,अनुवाद किया जाना है
der Trainer,coach,कोच
der Traum,dream,सपना
der Umschlag,envelope,लिफाफा
der Umweltschutz,environmental protection,पर्यावरण संरक्षण
der Umzug,To be translated,अनुवाद किया जाना है
der Unfall,accident,दुर्घटना
der Urlaubsort,vacation destination,छुट्टी का स्थान
der Verband,bandage,पट्टी
der Verein,To be translated,अनुवाद किया जाना है
der Verkehr (Sg.),To be translated,अनुवाद किया जाना है
der Vermieter,To be translated,अनुवाद किया जाना है
der Volleyball,volleyball,वॉलीबॉल
der Vorschlag,To be translated,अनुवाद किया जाना है
der Vortrag,lecture,व्याख्यान
der Wagen,To be translated,अनुवाद किया जाना है
der Waschbär,raccoon,रैकून
der Wechselkurs,exchange rate,विनिमय दर
der Wecker,alarm clock,अलार्म क्लॉक
der Weg,way/path,रास्ता
der Wein,To be translated,अनुवाद किया जाना है
der Werbespot,commercial,विज्ञापन
der Wettbewerb,contest,प्रतियोगिता
der Wetterbericht,weather forecast,मौसम पूर्वानुमान
der Wettkampf,competition,प्रतियोगिता
der Wiesel,weasel,नीला
der Windpark,wind farm,पवन ऊर्जा पार्क
der Witz,joke,चुटकुला
der Wochenmarkt,weekly market,साप्ताहिक बाज़ार
der Workshop,workshop,कार्यशाला
der Wunsch,wish,इच्छा
der Wurm,worm,कीड़ा
der Wähler,voter,मतदाता
der Zeitplan,schedule,शेड्यूल
der Zeitpunkt,point in time,समय बिंदु
der Zeitraum,time period,समय अवधि
der Zettel,note/paper,नोट/कागज़
der Zins,interest,ब्याज
der Zinsen,interest,ब्याज
der Zirkus,circus,सर्कस
der Zoll,customs,कस्टम
der Zucker (Sg.),To be translated,अनुवाद किया जाना है
der Zuschauer,spectator,दर्शक
der/das Blog,To be translated,अनुवाद किया जाना है
der/das Comic,To be translated,अनुवाद किया जाना है
der/das Laptop,To be translated,अनुवाद किया जाना है
der/die,To be translated,अनुवाद किया जाना है
deutlich,To be translated,अनुवाद किया जाना है
die (E-)Mail,To be translated,अनुवाद किया जाना है
die Abhebung,withdrawal,निकासी
die Abschlussfeier,graduation ceremony,समापन समारोह
die Abteilung,department,विभाग
die Accessoires,accessories,एक्सेसरीज़
die Ahnung,To be translated,अनुवाद किया जाना है
die Akte,file/folder,फ़ाइल
die Amsel,blackbird,काली चिड़िया
die Anlage,attachment,अटैचमेंट
die Anprobe,trying on,ट्राय करना
die Antwort geben,to give an answer,जवाब देना
die Anzeige,ad/classified,विज्ञापन
die Arbeit,To be translated,अनुवाद किया जाना है
die Arbeitslosigkeit,unemployment,बेरोजगारी
die Armut,poverty,गरीबी
die Asyl,asylum,शरण
die Aufführung,performance,प्रदर्शन
die Aufgabe lösen,to solve the task,कार्य हल करना
die Aufregung,excitement,उत्तेजना
die Ausbildung,apprenticeship/training,प्रशिक्षण
die Ausdauer,endurance,सहनशीलता
die Auskunft,information,जानकारी
die Ausrüstung,equipment,उपकरण
die Aussicht,view,नज़ारा
die Ausstellung,exhibition,प्रदर्शनी
die Autobahn,To be translated,अनुवाद किया जाना है
die Autorin,author (female),लेखिका
die Band,band,बैंड
die Bank (im Park),bench,बेंच
die Bankfiliale,bank branch,बैंक शाखा
die Bankkarte,bank card,बैंक कार्ड
die Barzahlung,cash payment,नकद भुगतान
die Batterie,battery,बैटरी
die Baumwolle,cotton,कपास
die Baustelle,construction site,निर्माण स्थल
die Bedienung,service,सेवा
die Beerdigung,funeral,अंतिम संस्कार
die Beere,berry,बेरी
die Beförderung,promotion,पदोन्नति
die Begeisterung,enthusiasm,उत्साह
die Begrüßung,greeting,अभिवादन
die Behandlung,treatment,उपचार
die Beilage,side dish,साइड डिश
die Bekanntschaft,acquaintance,परिचय
die Beratung,advice,सलाह
die Bevölkerung,population,जनसंख्या
die Bewegung,exercise/movement,व्यायाम
die Beziehung,relationship,रिश्ता
die Biologie,biology,जीव विज्ञान
die Blüte,blossom,फूल
die Bohne,To be translated,अनुवाद किया जाना है
die Bordkarte,boarding pass,बोर्डिंग पास
die Briefmarke,stamp,डाक टिकट
die Brieftasche,wallet,बटुआ
die Butter (Sg.),To be translated,अनुवाद किया जाना है
die Bäckerei,To be translated,अनुवाद किया जाना है
die Bühne,stage,मंच
die Cafeteria,To be translated,अनुवाद किया जाना है
die CD,CD,सीडी
die Chefin,boss (female),बॉस (महिला)
die Chemie,chemistry,रसायन विज्ञान
die Creme,cream,क्रीम
die Dame,To be translated,अनुवाद किया जाना है
die Dankbarkeit,gratitude,कृतज्ञता
die Datei,file,फ़ाइल
die Deadline,deadline,अंतिम तिथि
die Demo,demonstration,प्रदर्शन
die Demokratie,democracy,लोकतंत्र
die Demonstration,demonstration,प्रदर्शन
die Deutschstunde,German lesson,जर्मन की क्लास
die Diagnose,diagnosis,निदान
die Disco,To be translated,अनुवाद किया जाना है
die Diskriminierung,discrimination,भेदभाव
die Diskussion,discussion,चर्चा
die Diät,diet,डाइट
die Drogerie,drugstore,ड्रगस्टोर
die Dürre,drought,सूखा
die E-Mail schreiben,to write an email,ईमेल लिखना
die Eifersucht,jealousy,ईर्ष्या
die Eile,hurry,जल्दबाज़ी
die Einbahnstraße,one-way street,एक तरफा सड़क
die Einladung,invitation,निमंत्रण
die Eins,grade 1 (best),पहला नंबर
die Einschreibung,enrollment,नामांकन
die Einweihung,inauguration,उद्घाटन
die Einwohner,inhabitants,निवासी
die Einzahlung,deposit,जमा
die Energie,energy,ऊर्जा
die Energie sparen,to save energy,ऊर्जा बचाना
die Englischstunde,English lesson,अंग्रेजी की क्लास
die Enkelin,granddaughter,पोती
die Entfernung,distance,दूरी
die Entscheidung,decision,निर्णय
die Entschuldi-,To be translated,अनुवाद किया जाना है
die Entspannung,relaxation,आराम
die Enttäuschung,disappointment,निराशा
die Entzündung,inflammation,सूजन
die Erderwärmung,global warming,वैश्विक तापन
die Erinnerung,memory/reminder,याददाश्त
die Erlaubnis (Sg.),To be translated,अनुवाद किया जाना है
die Erleichterung,relief,राहत
die Erneuerbare Energie,renewable energy,नवीकरणीय ऊर्जा
die Ernährung,nutrition,पोषण
die Erwartung,expectation,उम्मीद
die Eröffnung,opening,उद्घाटन
die Eule,owl,उल्लू
die Fahrt,journey/trip,यात्रा
die Fakultät,faculty,संकाय
die Feierlichkeit,celebration/ceremony,उत्सव
die Ferien (Pl.),To be translated,अनुवाद किया जाना है
die Fernsehsendung,TV program,टीवी कार्यक्रम
die Fledermaus,bat,चमगादड़
die Flucht,flight (refugee),शरणार्थी
die Flut,flood,बाढ़
die Flöte,flute,बांसुरी
die Folge,episode,एपिसोड
die Folie,slide,स्लाइड
die Frage stellen,to ask a question,सवाल पूछना
die Freiheit,freedom,स्वतंत्रता
die Freizeit,free time,खाली समय
die Freizeit (Sg.),To be translated,अनुवाद किया जाना है
die Freizeitaktivität,leisure activity,खाली समय की गतिविधि
die Freude,joy,खुशी
die Freundschaft,friendship,दोस्ती
die Frist,deadline,डेडलाइन
die Frucht,fruit,फल
die Frustration,frustration,निराशा
die Fundsachen,To be translated,अनुवाद किया जाना है
die Fußgängerzone,pedestrian zone,पैदल क्षेत्र
die Führung,guided tour,गाइडेड टूर
die Galerie,gallery,गैलरी
die Gardine,curtain (net),पर्दा (जाली वाला)
die Gebühr,fee,शुल्क
die Gegenwart,present,वर्तमान
die Geige,violin,वायलिन
die Gelassenheit,calmness,शांति
die Genesung,recovery,ठीक होना
die Geografie,geography,भूगोल
die Geschenke,gifts,उपहार
die Geschichte,story,कहानी
die Geschwindigkeit,speed,गति
die Geschwindigkeitsbegrenzung,speed limit,गति सीमा
die Gesellschaft,society,समाज
die Gewohnheit,habit,आदत
die Gewürze,spices,मसाले
die Gitarre,guitar,गिटार
die Gitarre spielen,to play guitar,गिटार बजाना
die Gleichberechtigung,equality,समानता
die Glückwunschkarte,congratulation card,बधाई कार्ड
die Glühbirne,light bulb,बल्ब
die Grenze,border,सीमा
die Grillparty,barbecue party,बारबेक्यू पार्टी
die Grippe (Sg.),To be translated,अनुवाद किया जाना है
die Gruppe,To be translated,अनुवाद किया जाना है
die Gäste,guests,मेहमान
die Halle,To be translated,अनुवाद किया जाना है
die Handlung,plot,कहानी
die Hauptspeise,main course,मुख्य पकवान
die Hauptstadt,To be translated,अनुवाद किया जाना है
die Hausarbeit,housework,घरेलू काम
die Hausaufgaben,homework,होमवर्क
die Hecke,hedge,बाड़
die Heimat (Sg.),To be translated,अनुवाद किया जाना है
die Heizung,heating,हीटिंग
die Hilfe,help,मदद
die Hilfe (Sg.),To be translated,अनुवाद किया जाना है
die Hilfe leisten,to provide help,मदद प्रदान करना
die Hilfsorganisation,aid organization,सहायता संगठन
die Hitze,heat,गर्मी
die Hobbys,hobbies,शौक
die Hochschule,college,कॉलेज
die Hoffnung,hope,उम्मीद
die Homepage,To be translated,अनुवाद किया जाना है
die Hygiene,hygiene,स्वच्छता
die Händedesinfektion,hand disinfection,हाथ की सफाई
die Idee,idea,विचार
die Impfung,vaccination,टीका
die Information,information,जानकारी
die Integration,integration,एकीकरण
die Jeans (Pl.),To be translated,अनुवाद किया जाना है
die Jugend-,To be translated,अनुवाद किया जाना है
die Kabine,changing room,चेंजिंग रूम
die Kalorie,calorie,कैलोरी
die Kantine,canteen,कैंटीन
die Karneval,carnival,कार्निवल
die Karriere,career,करियर
die Karte kaufen,to buy a map,नक्शा खरीदना
die Karte schicken,to send a card,कार्ड भेजना
die Katastrophe,catastrophe,आपदा
die Kellnerin,waitress,वेट्रेस
die Kilometer,kilometers,किलोमीटर
die Klausur,exam,परीक्षा
die Kleidung (Sg.),To be translated,अनुवाद किया जाना है
die Klimaanlage,air conditioning,एयर कंडीशनिंग
die Knospe,bud,कली
die Kollegin,colleague (female),सहकर्मी (महिला)
die Kommode,chest of drawers,दराजों वाली अलमारी
die Konferenz,conference,कॉन्फ्रेंस
die Kontaktlinse,contact lens,कॉन्टैक्ट लेंस
die Kontonummer,account number,खाता संख्या
die Kopie,copy,कॉपी
die Korrektur,correction,सुधार
die Kosmetik,cosmetics,कॉस्मेटिक्स
die Kosmetik (Sg.),To be translated,अनुवाद किया जाना है
die Kraft,strength,शक्ति
die Kranken-,To be translated,अनुवाद किया जाना है
die Krankenkasse,health insurance,स्वास्थ्य बीमा
die Krankenschwester,nurse,नर्स
die Krankenversicherung,health insurance,स्वास्थ्य बीमा
die Krankmeldung,sick note,बीमारी की सूचना
die Kreide,chalk,चॉक
die Krähe,crow,कौआ
die Kultur,culture,संस्कृति
die Kundenzufriedenheit,customer satisfaction,ग्राहक संतुष्टि
die Kunst,art,कला
die Kälte,cold,सर्दी
die Köchin,chef (female),महिला शेफ
die Kündigung,termination,नौकरी छोड़ना
die Künstlerin,artist (female),कलाकार (महिला)
die Küste,coast,तट
die Landschaft,landscape,प्राकृतिक दृश्य
die Landung,landing,लैंडिंग
die Langeweile,boredom,बोरियत
die Laune,mood,मूड
die Lebens-,To be translated,अनुवाद किया जाना है
die Leder,leather,चमड़ा
die Lehrerin,teacher (female),शिक्षिका
die Leute (Pl.),To be translated,अनुवाद किया जाना है
die Luftballons,balloons,गुब्बारे
die Luftfeuchtigkeit,humidity,आर्द्रता
die Luftverschmutzung,air pollution,वायु प्रदूषण
die Lust (Sg.),To be translated,अनुवाद किया जाना है
die Lösung,solution,समाधान
die Lösung finden,to find a solution,समाधान ढूंढना
die Lüge,To be translated,अनुवाद किया जाना है
die Magenprobleme,stomach problems,पेट की समस्या
die Mailbox,voicemail,वॉइसमेल
die Maniküre,manicure,मैनिक्योर
die Mannschaft,team,टीम
die Mappe,folder,फोल्डर
die Marke,brand,ब्रांड
die Maschine,To be translated,अनुवाद किया जाना है
die Maske,mask,मुखौटा
die Massage,massage,मालिश
die Mathematik,mathematics,गणित
die Maut,toll,टोल
die Medaille,medal,मेडल
die Medikamente,medication,दवाइयाँ
die Meditation,meditation,ध्यान
die Medizin nehmen,to take medicine,दवा लेना
die Meinung,opinion,राय
die Meisterschaft,championship,चैंपियनशिप
die Melodie,melody,धुन
die Menge,To be translated,अनुवाद किया जाना है
die Messe,To be translated,अनुवाद किया जाना है
die Migration,migration,प्रवासन
die Milch (Sg.),To be translated,अनुवाद किया जाना है
die Mitte,To be translated,अनुवाद किया जाना है
die Mode,fashion,फैशन
die Musik (Sg.),To be translated,अनुवाद किया जाना है
die Musik hören,to listen to music,संगीत सुनना
die Musikerin,musician (female),संगीतकार (महिला)
die Möbel (Pl.),To be translated,अनुवाद किया जाना है
die Mücke,mosquito,मच्छर
die Müdigkeit,tiredness,थकान
die Mülltonne,trash bin,कचरा डिब्बा
die Mülltrennung,waste separation,कचरा अलग करना
die Nachbarschaft,neighborhood,पड़ोस
die Nachhaltigkeit,sustainability,स्थिरता
die Nachnahme,cash on delivery,कैश ऑन डिलीवरी
die Nachspeise,dessert,मिठाई
die Natur (Sg.),To be translated,अनुवाद किया जाना है
die Navigation,navigation,नेविगेशन
die Nebenkosten,utilities,अतिरिक्त खर्च
die Nervosität,nervousness,घबराहट
die Neugier,curiosity,जिज्ञासा
die Niederlage,defeat,हार
die Notaufnahme,emergency room,आपातकालीन विभाग
die Notiz,To be translated,अनुवाद किया जाना है
die Nudel,To be translated,अनुवाद किया जाना है
die Nummer,To be translated,अनुवाद किया जाना है
die Nummer wählen,to dial the number,नंबर डायल करना
die Nuss,nut,मेवा
die Nähe (Sg.),To be translated,अनुवाद किया जाना है
die Ohrringe,earrings,झुमके
die Oper,opera,ओपेरा
die Operation,operation,ऑपरेशन
die Ordnung,To be translated,अनुवाद किया जाना है
die Organisation,organization,संगठन
die Orientierung,orientation,दिशा ज्ञान
die Panne,breakdown,खराबी
die Papiere (Pl.),To be translated,अनुवाद किया जाना है
die Papierkorb,waste paper basket,कागज़ की टोकरी
die Parade,parade,परेड
die Parkuhr,parking meter,पार्किंग मीटर
die Partei,party (political),पार्टी
die Partnerschaft,partnership,साझेदारी
die Passform,fit,फिटिंग
die Patientin,patient (female),मरीज (महिला)
die Pause machen,to take a break,ब्रेक लेना
die Pediküre,pedicure,पेडीक्योर
die Petition,petition,याचिका
die Pflicht,duty,कर्तव्य
die Physik,physics,भौतिकी
die PIN,PIN,पिन
die PIN-Nummer,PIN number,पिन नंबर
die Pizza,To be translated,अनुवाद किया जाना है
die Plastiktüte,plastic bag,प्लास्टिक बैग
die Plastiktüte verbieten,to ban plastic bags,प्लास्टिक बैग पर प्रतिबंध
die Politik,politics,राजनीति
die Polizei (Sg.),To be translated,अनुवाद किया जाना है
die Portion,portion,पोर्शन
die Post (Sg.),To be translated,अनुवाद किया जाना है
die Postfiliale,post office branch,डाकघर शाखा
die Postkarte schicken,to send a postcard,पोस्टकार्ड भेजना
die Postleit-,To be translated,अनुवाद किया जाना है
die Postleitzahl,postal code,पिन कोड
die Präsentation,presentation,प्रेजेंटेशन
die Prüfungsvorbereitung,exam preparation,परीक्षा तैयारी
die Qualifikation,qualification,योग्यता
die Qualität,quality,गुणवत्ता
die Raststätte,rest stop,रेस्ट स्टॉप
die Ratte,rat,चूहा
die Raupe,caterpillar,इल्ली
die Rechnung bezahlen,to pay the bill,बिल चुकाना
die Rechnung bitte,the bill please,बिल प्लीज़
die Recyclingtonne,recycling bin,रीसाइक्लिंग डिब्बा
die Regierung,government,सरकार
die Reihe,To be translated,अनुवाद किया जाना है
die Reise,journey/trip,यात्रा
die Reiseplanung,trip planning,यात्रा योजना
die Reisetasche,travel bag,यात्रा बैग
die Reklamation,complaint,शिकायत
die Reklame,advertisement,विज्ञापन
die Religion,religion,धर्म
die Rente,pension/retirement,पेंशन
die Rentnerin,retiree (female),पेंशनभोगी (महिला)
die Reparatur,repair,मरम्मत
die Reservierung,reservation,आरक्षण
die Retoure,return,वापसी
die Rezeption,reception,रिसेप्शन
die Richtung,direction,दिशा
die Rose,rose,गुलाब
die Routine,routine,रूटीन
die Ruhe (Sg.),To be translated,अनुवाद किया जाना है
die Rutsche,slide,स्लाइड
die Rückgabe,return,वापसी
die Sache,thing,चीज़
die Saison,season,सीज़न
die Salbe,ointment,मलहम
die Sandalen,sandals,सैंडल
die Sandkasten,sandbox,रेत का डिब्बा
die Sauna,sauna,सौना
die Schaukel,swing,झूला
die Schauspielerin,actress,अभिनेत्री
die Scheidung,divorce,तलाक
die Schnecke,snail,घोंघा
die Schulbildung,education,शिक्षा
die Schuld,debt,कर्ज
die Schulden,debts,कर्ज
die Schule beginnen,school starts,स्कूल शुरू होना
die Schwiegermutter,mother-in-law,सास
die Schwiegertochter,daughter-in-law,बहू
die Schwägerin,sister-in-law,ननद/भाभी
die Schülerin,pupil (female),छात्रा
die Sechs,grade 6 (worst),फेल
die See (Sg),To be translated,अनुवाद किया जाना है
die Sehens-,To be translated,अनुवाद किया जाना है
die Sehnsucht,longing,तड़प
die Seide,silk,रेशम
die Seife,To be translated,अनुवाद किया जाना है
die Seite,To be translated,अनुवाद किया जाना है
die Sendung,shipment/broadcast,शिपमेंट/प्रसारण
die Serie,series,सीरीज़
die Sicherheitskontrolle,security check,सिक्योरिटी चेक
die Situation,To be translated,अनुवाद किया जाना है
die Skulptur,sculpture,मूर्ति
die Social Media,social media,सोशल मीडिया
die Solaranlage,solar system,सौर प्रणाली
die Solidarität,solidarity,एकजुटता
die Sonne scheinen,the sun is shining,धूप निकलना
die Sorge,worry,चिंता
die Spende,donation,दान
die Sportart,type of sport,खेल का प्रकार
die Sprech-,To be translated,अनुवाद किया जाना है
die Spritze,injection,इंजेक्शन
die Stadtbesichtigung,city tour,शहर का दौरा
die Stadtmitte,city center,शहर का केंद्र
die Statue,statue,मूर्ति
die Steckdose,socket,सॉकेट
die Stehlampe,floor lamp,फ्लोर लैंप
die Steuer,tax,टैक्स
die Stiefmutter,stepmother,सौतेली माँ
die Stieftochter,stepdaughter,सौतेली बेटी
die Stille,silence,खामोशी
die Stimme,voice,आवाज़
die Stimmung,mood/atmosphere,माहौल
die Strafe,fine,जुर्माना
die Straßen-,To be translated,अनुवाद किया जाना है
die Studentin,student (female),छात्रा (विश्वविद्यालय)
die Stunde fahren,to drive for hours,घंटों ड्राइव करना
die Symptome,symptoms,लक्षण
die Sängerin,singer (female),गायिका
die Süßigkeiten,To be translated,अनुवाद किया जाना है
die Tanzfläche,dance floor,डांस फ्लोर
die Tanzmusik,dance music,नाच की संगीत
die Taube,pigeon,कबूतर
die Taufe,baptism,बपतिस्मा
die Teilzeitstelle,part-time job,पार्ट टाइम नौकरी
die Temperatur messen,to measure temperature,तापमान नापना
die Therapie,therapy,चिकित्सा
die Tierwelt,animal world,जानवरों की दुनिया
die Tischlampe,table lamp,टेबल लैंप
die Toilette,toilet,शौचालय
die Toleranz,tolerance,सहिष्णुता
die Tomate,tomato,टमाटर
die Tour,tour,टूर
die Touristeninformation,tourist information,पर्यटक सूचना केंद्र
die Traurigkeit,sadness,उदासी
die Trauung,wedding ceremony,विवाह समारोह
die Trennung,separation,अलग होना
die Trommel,drum,ड्रम
die Tulpe,tulip,ट्यूलिप
die Turnhalle,gymnasium,जिम्नेजियम
die Turnschuhe,sneakers,स्नीकर्स
die Uhrzeit,time (clock),समय (घड़ी)
die Umfrage,survey/poll,सर्वे
die Umkleidekabine,changing room,चेंजिंग रूम
die Umleitung,diversion,डायवर्शन
die Umtausch,exchange,एक्सचेंज
die Umwelt,environment,पर्यावरण
die Umweltverschmutzung,environmental pollution,पर्यावरण प्रदूषण
die Universität,university,विश्वविद्यालय
die Unsicherheit,uncertainty,अनिश्चितता
die Unterkunft,To be translated,अनुवाद किया जाना है
die Unterschrift sammeln,to collect signatures,हस्ताक्षर इकट्ठा करना
die Untersuchung,examination,जाँच
die Untertitel,subtitles,उपशीर्षक
die Verabredung,appointment,अपॉइंटमेंट
die Veranstal-,To be translated,अनुवाद किया जाना है
die Veranstaltung,event,कार्यक्रम
die Vergangenheit,past,अतीत
die Verletzung,injury,चोट
die Verlobung,engagement,सगाई
die Verschmutzung,pollution,प्रदूषण
die Versicherung,insurance,बीमा
die Versicherungskarte,insurance card,बीमा कार्ड
die Verwandtschaft,family/relatives,रिश्तेदारी
die Verzögerung,delay,देरी
die Veränderung,change,बदलाव
die Vielfalt,diversity,विविधता
die Vignette,toll sticker,टोल स्टिकर
die Vitamine,vitamins,विटामिन
die Vokabel,vocabulary word,शब्द
die Vollzeitstelle,full-time job,पूर्णकालिक नौकरी
die Vorfahrt,right of way,प्राथमिकता
die Vorlesung,lecture,व्याख्यान
die Vorsicht,caution,सावधानी
die Vorsätze,New Year's resolutions,नए साल के संकल्प
die Vorwahl,area code,एरिया कोड
die Waage,scales,तराज़ू
die Wahl,election,चुनाव
die Wahlurne,ballot box,मतपेटी
die Waldbrand,forest fire,जंगल की आग
die Wartezimmer,waiting room,वेटिंग रूम
die Website,website,वेबसाइट
die Wellness,wellness,वेलनेस
die Welt,To be translated,अनुवाद किया जाना है
die Werbung,advertisement,विज्ञापन
die Wettervorhersage,weather forecast,मौसम पूर्वानुमान
die Wildkatze,wildcat,जंगली बिल्ली
die Windenergie,wind energy,पवन ऊर्जा
die Wolle,wool,ऊन
die Wunde,wound,घाव
die Wurzel,root,जड़
die Wut,anger,गुस्सा
die Währung,currency,मुद्रा
die Wäsche,To be translated,अनुवाद किया जाना है
die Wüste,desert,रेगिस्तान
die Yoga,yoga,योग
die Zahl,To be translated,अनुवाद किया जाना है
die Zahlung,payment,भुगतान
die Zahnbürste,toothbrush,टूथब्रश
die Zahnpasta,toothpaste,टूथपेस्ट
die Zeichnung,drawing,ड्राइंग
die Zeit,To be translated,अनुवाद किया जाना है
die Zeitspanne,time period,समय अवधि
die Zeitung,newspaper,अखबार
die Zeitung lesen,to read the newspaper,अखबार पढ़ना
die Zeitzone,time zone,समय क्षेत्र
die Zollkontrolle,customs control,कस्टम कंट्रोल
die Zone,zone,क्षेत्र
die Zufriedenheit,satisfaction,संतुष्टि
die Zukunft,future,भविष्य
die Zuschauerin,spectator (female),दर्शक (स्त्री)
die Zutaten,ingredients,सामग्री
die Öffnungszeiten,opening hours,खुलने का समय
die Übelkeit,nausea,मतली
die Über-,To be translated,अनुवाद किया जाना है
die Übernachtung,overnight stay,रात रुकना
die Überschrift,headline,शीर्षक
die Überschwemmung,flood,बाढ़
die Überstunde,overtime,ओवरटाइम
die Überweisung,bank transfer,ट्रांसफर
direkt,To be translated,अनुवाद किया जाना है
diskutieren,To be translated,अनुवाद किया जाना है
dium,To be translated,अनुवाद किया जाना है
dringend,To be translated,अनुवाद किया जाना है
drüben,To be translated,अनुवाद किया जाना है
drücken,To be translated,अनुवाद किया जाना है
dumm,To be translated,अनुवाद किया जाना है
durchfallen,to fail (exam),फेल होना
durfte,To be translated,अनुवाद किया जाना है
duschen (sich),To be translated,अनुवाद किया जाना है
duscht,To be translated,अनुवाद किया जाना है
dünsten,to steam,स्टीम करना
echt,To be translated,अनुवाद किया जाना है
egal,To be translated,अनुवाद किया जाना है
eigen-,To be translated,अनुवाद किया जाना है
eilig,To be translated,अनुवाद किया जाना है
ein paar,To be translated,अनुवाद किया जाना है
einchecken,to check in,चेक इन करना
einfach,To be translated,अनुवाद किया जाना है
einig-,To be translated,अनुवाद किया जाना है
einkaufen,To be translated,अनुवाद किया जाना है
einkaufen gehen,to go shopping,खरीदारी करने जाना
einmal,To be translated,अनुवाद किया जाना है
einpacken,To be translated,अनुवाद किया जाना है
einschlafen,to fall asleep,सो जाना
eintragen (sich),To be translated,अनुवाद किया जाना है
einzahlen,to deposit money,पैसे जमा करना
einzel-,To be translated,अनुवाद किया जाना है
einziehen,To be translated,अनुवाद किया जाना है
empfehlen,To be translated,अनुवाद किया जाना है
enden,To be translated,अनुवाद किया जाना है
entscheiden,to decide,निर्णय लेना
entschuldigen,To be translated,अनुवाद किया जाना है
entspannen,to relax,आराम करना
erinnern (sich),to remember,याद करना
erinnert,To be translated,अनुवाद किया जाना है
erkältet sein,To be translated,अनुवाद किया जाना है
erlauben,To be translated,अनुवाद किया जाना है
erlaubt sein,To be translated,अनुवाद किया जाना है
erleichtert,relieved,राहत महसूस
erreichen,To be translated,अनुवाद किया जाना है
erreicht,To be translated,अनुवाद किया जाना है
erst,To be translated,अनुवाद किया जाना है
erziehen,to raise (children),पालन-पोषण
fallen,To be translated,अनुवाद किया जाना है
fantastisch,To be translated,अनुवाद किया जाना है
faul,To be translated,अनुवाद किया जाना है
fehlen,To be translated,अनुवाद किया जाना है
Feierabend machen,to finish work,काम खत्म करना
feiern,To be translated,अनुवाद किया जाना है
fertig sein,To be translated,अनुवाद किया जाना है
fett,To be translated,अनुवाद किया जाना है
feucht,humid,नम
fit sein,To be translated,अनुवाद किया जाना है
fleißig,To be translated,अनुवाद किया जाना है
fliegt (ab),To be translated,अनुवाद किया जाना है
fotografieren,to take a photo,फोटो खींचना
freiwillig,To be translated,अनुवाद किया जाना है
fremd,To be translated,अनुवाद किया जाना है
freut,To be translated,अनुवाद किया जाना है
frisch,fresh,ताज़ा
furchtbar,To be translated,अनुवाद किया जाना है
fährt (ab),To be translated,अनुवाद किया जाना है
fängt an,To be translated,अनुवाद किया जाना है
fühlt,To be translated,अनुवाद किया जाना है
gang,To be translated,अनुवाद किया जाना है
geben/sagen),To be translated,अनुवाद किया जाना है
geboren,To be translated,अनुवाद किया जाना है
Geburts-,To be translated,अनुवाद किया जाना है
geehrt-,To be translated,अनुवाद किया जाना है
gefallen,To be translated,अनुवाद किया जाना है
gefährlich,To be translated,अनुवाद किया जाना है
gegenüber,To be translated,अनुवाद किया जाना है
geht aus,To be translated,अनुवाद किया जाना है
gehängt,To be translated,अनुवाद किया जाना है
gehören,To be translated,अनुवाद किया जाना है
genug,To be translated,अनुवाद किया जाना है
gern,To be translated,अनुवाद किया जाना है
gesund essen,to eat healthy,स्वस्थ खाना
gesund leben,to live healthy,स्वस्थ जीवन जीना
gewesen,To be translated,अनुवाद किया जाना है
gewinnen,to win,जीतना
gewinnt,To be translated,अनुवाद किया जाना है
gibt ab,To be translated,अनुवाद किया जाना है
gibt aus,To be translated,अनुवाद किया जाना है
gleich,To be translated,अनुवाद किया जाना है
grillen,To be translated,अनुवाद किया जाना है
gute Laune,good mood,अच्छा मूड
gültig sein,To be translated,अनुवाद किया जाना है
halten,To be translated,अनुवाद किया जाना है
hart,To be translated,अनुवाद किया जाना है
hat abgeholt,To be translated,अनुवाद किया जाना है
hat abgeschlossen,To be translated,अनुवाद किया जाना है
hat angeboten,To be translated,अनुवाद किया जाना है
hat angefangen,To be translated,अनुवाद किया जाना है
hat angemeldet,To be translated,अनुवाद किया जाना है
hat angerufen,To be translated,अनुवाद किया जाना है
hat angesehen,To be translated,अनुवाद किया जाना है
hat aufgehört,To be translated,अनुवाद किया जाना है
hat aufgepasst,To be translated,अनुवाद किया जाना है
hat ausgesehen,To be translated,अनुवाद किया जाना है
hat beantwortet,To be translated,अनुवाद किया जाना है
hat bedeutet,To be translated,अनुवाद किया जाना है
hat begonnen,To be translated,अनुवाद किया जाना है
hat beraten,To be translated,अनुवाद किया जाना है
hat beschwert,To be translated,अनुवाद किया जाना है
hat besichtigt,To be translated,अनुवाद किया जाना है
hat bestanden,To be translated,अनुवाद किया जाना है
hat bestellt,To be translated,अनुवाद किया जाना है
hat diskutiert,To be translated,अनुवाद किया जाना है
hat eingetragen,To be translated,अनुवाद किया जाना है
hat erinnert,To be translated,अनुवाद किया जाना है
hat erlaubt,To be translated,अनुवाद किया जाना है
hat erreicht,To be translated,अनुवाद किया जाना है
hat erzählt,To be translated,अनुवाद किया जाना है
hat gearbeitet,To be translated,अनुवाद किया जाना है
hat gebadet,To be translated,अनुवाद किया जाना है
hat gebraten,To be translated,अनुवाद किया जाना है
hat gebraucht,To be translated,अनुवाद किया जाना है
hat gedacht,To be translated,अनुवाद किया जाना है
hat gedrückt,To be translated,अनुवाद किया जाना है
hat gedurft,To be translated,अनुवाद किया जाना है
hat geduscht,To be translated,अनुवाद किया जाना है
hat geendet,To be translated,अनुवाद किया जाना है
hat gefallen,To be translated,अनुवाद किया जाना है
hat gefehlt,To be translated,अनुवाद किया जाना है
hat gefeiert,To be translated,अनुवाद किया जाना है
hat gefragt,To be translated,अनुवाद किया जाना है
hat gefreut,To be translated,अनुवाद किया जाना है
hat gefunden,To be translated,अनुवाद किया जाना है
hat gegeben,To be translated,अनुवाद किया जाना है
hat gegessen,To be translated,अनुवाद किया जाना है
hat geglaubt,To be translated,अनुवाद किया जाना है
hat gehalten,To be translated,अनुवाद किया जाना है
hat gehangen/,To be translated,अनुवाद किया जाना है
hat geheiratet,To be translated,अनुवाद किया जाना है
hat geheißen,To be translated,अनुवाद किया जाना है
hat geholfen,To be translated,अनुवाद किया जाना है
hat geholt,To be translated,अनुवाद किया जाना है
hat gehört,To be translated,अनुवाद किया जाना है
hat gekannt,To be translated,अनुवाद किया जाना है
hat gekauft,To be translated,अनुवाद किया जाना है
hat geklappt,To be translated,अनुवाद किया जाना है
hat gekostet,To be translated,अनुवाद किया जाना है
hat gekündigt,To be translated,अनुवाद किया जाना है
hat gelassen,To be translated,अनुवाद किया जाना है
hat gelebt,To be translated,अनुवाद किया जाना है
hat gelegt,To be translated,अनुवाद किया जाना है
hat geliehen,To be translated,अनुवाद किया जाना है
hat gelogen,To be translated,अनुवाद किया जाना है
hat gemacht,To be translated,अनुवाद किया जाना है
hat gemalt,To be translated,अनुवाद किया जाना है
hat gemeint,To be translated,अनुवाद किया जाना है
hat gemerkt,To be translated,अनुवाद किया जाना है
hat gemocht,To be translated,अनुवाद किया जाना है
hat genannt,To be translated,अनुवाद किया जाना है
hat genommen,To be translated,अनुवाद किया जाना है
hat geparkt,To be translated,अनुवाद किया जाना है
hat gepasst,To be translated,अनुवाद किया जाना है
hat geplant,To be translated,अनुवाद किया जाना है
hat geraten,To be translated,अनुवाद किया जाना है
hat geraucht,To be translated,अनुवाद किया जाना है
hat gerechnet,To be translated,अनुवाद किया जाना है
hat geredet,To be translated,अनुवाद किया जाना है
hat gerochen,To be translated,अनुवाद किया जाना है
hat gerufen,To be translated,अनुवाद किया जाना है
hat gesagt,To be translated,अनुवाद किया जाना है
hat geschafft,To be translated,अनुवाद किया जाना है
hat geschenkt,To be translated,अनुवाद किया जाना है
hat geschickt,To be translated,अनुवाद किया जाना है
hat geschienen,To be translated,अनुवाद किया जाना है
hat geschimpft,To be translated,अनुवाद किया जाना है
hat geschlafen,To be translated,अनुवाद किया जाना है
hat geschlossen,To be translated,अनुवाद किया जाना है
hat geschmeckt,To be translated,अनुवाद किया जाना है
hat geschnitten,To be translated,अनुवाद किया जाना है
hat geschrieben,To be translated,अनुवाद किया जाना है
hat gesehen,To be translated,अनुवाद किया जाना है
hat gespart,To be translated,अनुवाद किया जाना है
hat gespeichert,To be translated,अनुवाद किया जाना है
hat gespielt,To be translated,अनुवाद किया जाना है
hat gestellt,To be translated,अनुवाद किया जाना है
hat gestritten,To be translated,अनुवाद किया जाना है
hat gestört,To be translated,अनुवाद किया जाना है
hat gesucht,To be translated,अनुवाद किया जाना है
hat gesungen,To be translated,अनुवाद किया जाना है
hat getan,To be translated,अनुवाद किया जाना है
hat geteilt,To be translated,अनुवाद किया जाना है
hat getragen,To be translated,अनुवाद किया जाना है
hat getrunken,To be translated,अनुवाद किया जाना है
hat gewartet,To be translated,अनुवाद किया जाना है
hat geweckt,To be translated,अनुवाद किया जाना है
hat geweint,To be translated,अनुवाद किया जाना है
hat gewusst,To be translated,अनुवाद किया जाना है
hat gewählt,To be translated,अनुवाद किया जाना है
hat gezahlt,To be translated,अनुवाद किया जाना है
hat gezeichnet,To be translated,अनुवाद किया जाना है
hat gezeigt,To be translated,अनुवाद किया जाना है
hat geändert,To be translated,अनुवाद किया जाना है
hat geöffnet,To be translated,अनुवाद किया जाना है
hat geübt,To be translated,अनुवाद किया जाना है
hat hergestellt,To be translated,अनुवाद किया जाना है
hat interessiert,To be translated,अनुवाद किया जाना है
hat kontrolliert,To be translated,अनुवाद किया जाना है
hat leidgetan,To be translated,अनुवाद किया जाना है
hat probiert,To be translated,अनुवाद किया जाना है
hat recht gehabt,To be translated,अनुवाद किया जाना है
hat renoviert,To be translated,अनुवाद किया जाना है
hat stattgefunden,To be translated,अनुवाद किया जाना है
hat unterhalten,To be translated,अनुवाद किया जाना है
hat untersucht,To be translated,अनुवाद किया जाना है
hat verdient,To be translated,अनुवाद किया जाना है
hat vereinbart,To be translated,अनुवाद किया जाना है
hat vergessen,To be translated,अनुवाद किया जाना है
hat verglichen,To be translated,अनुवाद किया जाना है
hat verkauft,To be translated,अनुवाद किया जाना है
hat verletzt,To be translated,अनुवाद किया जाना है
hat verliebt,To be translated,अनुवाद किया जाना है
hat verloren,To be translated,अनुवाद किया जाना है
hat verpasst,To be translated,अनुवाद किया जाना है
hat verschoben,To be translated,अनुवाद किया जाना है
hat verstanden,To be translated,अनुवाद किया जाना है
hat versucht,To be translated,अनुवाद किया जाना है
hat vorbereitet,To be translated,अनुवाद किया जाना है
hat vorgestellt,To be translated,अनुवाद किया जाना है
hat zugehört,To be translated,अनुवाद किया जाना है
hat übernachtet,To be translated,अनुवाद किया जाना है
hat/ist,To be translated,अनुवाद किया जाना है
hat/ist gelegen,To be translated,अनुवाद किया जाना है
hat/ist gesessen,To be translated,अनुवाद किया जाना है
hat/ist gestanden,To be translated,अनुवाद किया जाना है
hat/ist gesurft,To be translated,अनुवाद किया जाना है
hatte,To be translated,अनुवाद किया जाना है
Hausmann,To be translated,अनुवाद किया जाना है
heiraten,To be translated,अनुवाद किया जाना है
heiß,hot,गर्म
heißen,To be translated,अनुवाद किया जाना है
her/her-/-her,To be translated,अनुवाद किया जाना है
heraus/raus,To be translated,अनुवाद किया जाना है
herberge,To be translated,अनुवाद किया जाना है
herein/rein,To be translated,अनुवाद किया जाना है
herstellen,To be translated,अनुवाद किया जाना है
herzlich,To be translated,अनुवाद किया जाना है
heute Abend,tonight,आज रात
Heute ist der 20.2.2012,To be translated,अनुवाद किया जाना है
hin/hin-/-hin,To be translated,अनुवाद किया जाना है
hoffentlich,To be translated,अनुवाद किया जाना है
hängen,To be translated,अनुवाद किया जाना है
hört auf,To be translated,अनुवाद किया जाना है
immer,To be translated,अनुवाद किया जाना है
informieren,To be translated,अनुवाद किया जाना है
informiert,To be translated,अनुवाद किया जाना है
ins Bett gehen,to go to bed,सोने जाना
intelligent,To be translated,अनुवाद किया जाना है
interessiert,To be translated,अनुवाद किया जाना है
international,To be translated,अनुवाद किया जाना है
ist (ab)gefahren,To be translated,अनुवाद किया जाना है
ist (ab)geflogen,To be translated,अनुवाद किया जाना है
ist dabei,To be translated,अनुवाद किया जाना है
ist eingezogen,To be translated,अनुवाद किया जाना है
ist einverstanden,To be translated,अनुवाद किया जाना है
ist erkältet,To be translated,अनुवाद किया जाना है
ist fertig,To be translated,अनुवाद किया जाना है
ist fit gewesen,To be translated,अनुवाद किया जाना है
ist geblieben,To be translated,अनुवाद किया जाना है
ist gegangen,To be translated,अनुवाद किया जाना है
ist gekommen,To be translated,अनुवाद किया जाना है
ist gelaufen,To be translated,अनुवाद किया जाना है
ist geschwommen,To be translated,अनुवाद किया जाना है
ist gestorben,To be translated,अनुवाद किया जाना है
ist gewandert,To be translated,अनुवाद किया जाना है
ist gewesen,To be translated,अनुवाद किया जाना है
ist geworden,To be translated,अनुवाद किया जाना है
ist gültig gewesen,To be translated,अनुवाद किया जाना है
ist passiert,To be translated,अनुवाद किया जाना है
ist umgestiegen,To be translated,अनुवाद किया जाना है
ist unterwegs,To be translated,अनुवाद किया जाना है
ist verreist,To be translated,अनुवाद किया जाना है
ist/hat gejoggt,To be translated,अनुवाद किया जाना है
joggen,to jog,जॉगिंग करना
keinen Fall,To be translated,अनुवाद किया जाना है
kennenlernen,To be translated,अनुवाद किया जाना है
klappen,To be translated,अनुवाद किया जाना है
klettern,to climb,चढ़ना
klingeln,to ring,बजना
Klub,To be translated,अनुवाद किया जाना है
kommt an,To be translated,अनुवाद किया जाना है
kontaktlos bezahlen,contactless payment,कॉन्टैक्टलेस पेमेंट
kontrollieren,To be translated,अनुवाद किया जाना है
kontrolliert,To be translated,अनुवाद किया जाना है
lange,To be translated,अनुवाद किया जाना है
lassen,To be translated,अनुवाद किया जाना है
laufen),To be translated,अनुवाद किया जाना है
leicht,To be translated,अनुवाद किया जाना है
leider,To be translated,अनुवाद किया जाना है
leidtun/leid tun,To be translated,अनुवाद किया जाना है
leihen,To be translated,अनुवाद किया जाना है
leise,To be translated,अनुवाद किया जाना है
lernt kennen,To be translated,अनुवाद किया जाना है
letzt-,To be translated,अनुवाद किया जाना है
lieb-,To be translated,अनुवाद किया जाना है
Lieblings-,To be translated,अनुवाद किया जाना है
liefern,To be translated,अनुवाद किया जाना है
live,live,लाइव
Länder und Nationalitäten,To be translated,अनुवाद किया जाना है
lügen,To be translated,अनुवाद किया जाना है
machen/-helfen),To be translated,अनुवाद किया जाना है
mal / das Mal,To be translated,अनुवाद किया जाना है
malen,to paint,पेंट करना
manch-,To be translated,अनुवाद किया जाना है
manchmal,To be translated,अनुवाद किया जाना है
mehr,To be translated,अनुवाद किया जाना है
meinen,To be translated,अनुवाद किया जाना है
meiner Meinung nach,in my opinion,मेरी राय में
meist-,To be translated,अनुवाद किया जाना है
meldet an,To be translated,अनुवाद किया जाना है
merken,To be translated,अनुवाद किया जाना है
mindestens,To be translated,अनुवाद किया जाना है
mit Frühstück,with breakfast,नाश्ते सहित
mochte,To be translated,अनुवाद किया जाना है
modern,To be translated,अनुवाद किया जाना है
morgen früh,tomorrow morning,कल सुबह
männlich,To be translated,अनुवाद किया जाना है
nach Hause kommen,to come home,घर आना
nebenan,To be translated,अनुवाद किया जाना है
nennen,To be translated,अनुवाद किया जाना है
nicht zustimmen,to disagree,असहमत होना
nichts,To be translated,अनुवाद किया जाना है
nie,To be translated,अनुवाद किया जाना है
nirgends,To be translated,अनुवाद किया जाना है
normal,To be translated,अनुवाद किया जाना है
notieren,To be translated,अनुवाद किया जाना है
notwendig,To be translated,अनुवाद किया जाना है
nächste,To be translated,अनुवाद किया जाना है
nähen,to sew,सिलाई
nützlich,To be translated,अनुवाद किया जाना है
oft,To be translated,अनुवाद किया जाना है
online,To be translated,अनुवाद किया जाना है
organisieren,To be translated,अनुवाद किया जाना है
organisiert,To be translated,अनुवाद किया जाना है
packen,To be translated,अनुवाद किया जाना है
packt ein,To be translated,अनुवाद किया जाना है
parken,To be translated,अनुवाद किया जाना है
passieren,To be translated,अनुवाद किया जाना है
passiert,To be translated,अनुवाद किया जाना है
passt auf,To be translated,अनुवाद किया जाना है
peinlich,embarrassing,शर्मनाक
planen,to plan,योजना बनाना
plötzlich,To be translated,अनुवाद किया जाना है
praktisch,To be translated,अनुवाद किया जाना है
preiswert,To be translated,अनुवाद किया जाना है
privat,To be translated,अनुवाद किया जाना है
pro,To be translated,अनुवाद किया जाना है
probieren,to try on,ट्राय करना
probiert,To be translated,अनुवाद किया जाना है
protestieren,to protest,विरोध करना
prüfen,To be translated,अनुवाद किया जाना है
raten,To be translated,अनुवाद किया जाना है
rauchen,To be translated,अनुवाद किया जाना है
rechnen,To be translated,अनुवाद किया जाना है
recht haben,To be translated,अनुवाद किया जाना है
recyceln,to recycle,रीसाइकल करना
reden,To be translated,अनुवाद किया जाना है
regelmäßig,regularly,नियमित
regnerisch,rainy,बारिश वाला
reich,To be translated,अनुवाद किया जाना है
reisen,To be translated,अनुवाद किया जाना है
reiten,To be translated,अनुवाद किया जाना है
renovieren,To be translated,अनुवाद किया जाना है
reparieren,To be translated,अनुवाद किया जाना है
reservieren,to reserve,आरक्षित करना
reserviert,To be translated,अनुवाद किया जाना है
reservierte,To be translated,अनुवाद किया जाना है
romantisch,To be translated,अनुवाद किया जाना है
ruht aus,To be translated,अनुवाद किया जाना है
rund,To be translated,अनुवाद किया जाना है
sammeln,to collect,इकट्ठा करना
sammelt,To be translated,अनुवाद किया जाना है
satt,full (after eating),पेट भरा
schade,To be translated,अनुवाद किया जाना है
schaffen,To be translated,अनुवाद किया जाना है
scheinen,To be translated,अनुवाद किया जाना है
schimpfen,To be translated,अनुवाद किया जाना है
schimpft,To be translated,अनुवाद किया जाना है
schlafen gehen,to go to sleep,सोने जाना
schlechte Laune,bad mood,खराब मूड
schließt,To be translated,अनुवाद किया जाना है
schließt ab,To be translated,अनुवाद किया जाना है
schlimm,To be translated,अनुवाद किया जाना है
schmeckt,To be translated,अनुवाद किया जाना है
schneiden (sich),To be translated,अनुवाद किया जाना है
schneidet,To be translated,अनुवाद किया जाना है
schrecklich,terrible,भयानक
schreiben,To be translated,अनुवाद किया जाना है
schriftlich,To be translated,अनुवाद किया जाना है
schwach,To be translated,अनुवाद किया जाना है
schwanger,To be translated,अनुवाद किया जाना है
schwimmen gehen,to go swimming,तैराकी करने जाना
schädlich,To be translated,अनुवाद किया जाना है
schützen,to protect,संरक्षण करना
sein,To be translated,अनुवाद किया जाना है
setzen (sich),To be translated,अनुवाद किया जाना है
setzt,To be translated,अनुवाद किया जाना है
setzung,To be translated,अनुवाद किया जाना है
sich anziehen,to get dressed,कपड़े पहनना
sich ausruhen,to rest,आराम करना
sich ausziehen,to undress,कपड़े उतारना
sich beeilen,to hurry,जल्दी करना
sich rasieren,to shave,शेव करना
sich schminken,to put on makeup,मेकअप करना
sich streiten,to argue,झगड़ा करना
sich versöhnen,to make up,सुलह करना
sicher,To be translated,अनुवाद किया जाना है
sieht aus,To be translated,अनुवाद किया जाना है
so,To be translated,अनुवाद किया जाना है
sofort,To be translated,अनुवाद किया जाना है
sogar,To be translated,अनुवाद किया जाना है
sollte,To be translated,अनुवाद किया जाना है
sonst,To be translated,अनुवाद किया जाना है
spannend,exciting,रोमांचक
spazieren gehen,To be translated,अनुवाद किया जाना है
spielen (Instrument),to play (instrument),बजाना
spielt,To be translated,अनुवाद किया जाना है
sportlich,To be translated,अनुवाद किया जाना है
stark,To be translated,अनुवाद किया जाना है
stattfinden,To be translated,अनुवाद किया जाना है
steigt aus,To be translated,अनुवाद किया जाना है
steigt ein,To be translated,अनुवाद किया जाना है
stellt vor,To be translated,अनुवाद किया जाना है
sterben,To be translated,अनुवाद किया जाना है
streamen,to stream,स्ट्रीम करना
streiten (sich),To be translated,अनुवाद किया जाना है
streng,To be translated,अनुवाद किया जाना है
stressig,To be translated,अनुवाद किया जाना है
stricken,to knit,बुनाई
stören,To be translated,अनुवाद किया जाना है
stürmisch,stormy,तूफानी
surfen,To be translated,अनुवाद किया जाना है
surfen im Internet,to surf the internet,इंटरनेट सर्फ करना
sympathisch,To be translated,अनुवाद किया जाना है
tauscht (aus),To be translated,अनुवाद किया जाना है
teilen,To be translated,अनुवाद किया जाना है
teilnehmen,To be translated,अनुवाद किया जाना है
teuer,To be translated,अनुवाद किया जाना है
tief,To be translated,अनुवाद किया जाना है
tot,dead,मृत
total,To be translated,अनुवाद किया जाना है
trainieren,to train,प्रशिक्षण लेना
treffen (sich),To be translated,अनुवाद किया जाना है
trifft,To be translated,अनुवाद किया जाना है
trägt ein,To be translated,अनुवाद किया जाना है
träumen,to dream,सपना देखना
träumt,To be translated,अनुवाद किया जाना है
tschüs,To be translated,अनुवाद किया जाना है
tun,To be translated,अनुवाद किया जाना है
tung,To be translated,अनुवाद किया जाना है
um ... Uhr,at ... o'clock,... बजे
unbedingt,To be translated,अनुवाद किया जाना है
ungesund,unhealthy,अस्वस्थ
unterhalten (sich),To be translated,अनुवाद किया जाना है
unterhält,To be translated,अनुवाद किया जाना है
unternehmen,To be translated,अनुवाद किया जाना है
unterschreiben,To be translated,अनुवाद किया जाना है
untersuchen,To be translated,अनुवाद किया जाना है
untersucht,To be translated,अनुवाद किया जाना है
unterwegs sein,To be translated,अनुवाद किया जाना है
vegan,vegan,शुद्ध शाकाहारी
vegetarisch,vegetarian,शाकाहारी
verabreden (sich),to arrange to meet,मुलाकात तय करना
verabredet sein,To be translated,अनुवाद किया जाना है
verbieten /,To be translated,अनुवाद किया जाना है
verboten sein,To be translated,अनुवाद किया जाना है
vereinbaren,To be translated,अनुवाद किया जाना है
vergessen,To be translated,अनुवाद किया जाना है
vergisst,To be translated,अनुवाद किया जाना है
vergleichen,To be translated,अनुवाद किया जाना है
vergleicht,To be translated,अनुवाद किया जाना है
verlaufen (sich),to get lost,रास्ता भूल जाना
verletzen (sich),To be translated,अनुवाद किया जाना है
verletzt,To be translated,अनुवाद किया जाना है
verlieben (sich),To be translated,अनुवाद किया जाना है
verliebt sein,to be in love,प्यार में होना
verliert,To be translated,अनुवाद किया जाना है
verlobt,engaged,सगाई किया हुआ
vermieten,To be translated,अनुवाद किया जाना है
verpassen,To be translated,अनुवाद किया जाना है
verreisen,To be translated,अनुवाद किया जाना है
verreist,To be translated,अनुवाद किया जाना है
verschieben,To be translated,अनुवाद किया जाना है
verschieden,To be translated,अनुवाद किया जाना है
verspätet,late/delayed,देर से
versteht,To be translated,अनुवाद किया जाना है
versucht,To be translated,अनुवाद किया जाना है
verzweifelt,desperate,निराश
viel,To be translated,अनुवाद किया जाना है
vielleicht,To be translated,अनुवाद किया जाना है
Viertel nach,quarter past,सवा
Viertel vor,quarter to,पौने
vorbei,To be translated,अनुवाद किया जाना है
vorbereiten,To be translated,अनुवाद किया जाना है
vorher,To be translated,अनुवाद किया जाना है
vorn(e),To be translated,अनुवाद किया जाना है
vorschlagen,to suggest,सुझाव देना
vorsichtig,To be translated,अनुवाद किया जाना है
vorstellen (sich),To be translated,अनुवाद किया जाना है
Vorwort,To be translated,अनुवाद किया जाना है
vorwärts,To be translated,अनुवाद किया जाना है
wach,To be translated,अनुवाद किया जाना है
wahr,To be translated,अनुवाद किया जाना है
wandern,to hike,हाइकिंग करना
war dabei,To be translated,अनुवाद किया जाना है
war fit,To be translated,अनुवाद किया जाना है
wartet,To be translated,अनुवाद किया जाना है
waschen (sich),To be translated,अनुवाद किया जाना है
weg sein,To be translated,अनुवाद किया जाना है
wenigstens,at least,कम से कम
wer (wen,To be translated,अनुवाद किया जाना है
willkommen,To be translated,अनुवाद किया जाना है
witzig,funny,मजेदार
wolkig,cloudy,बादल वाला
Wortgruppen,To be translated,अनुवाद किया जाना है
wunderbar,wonderful,शानदार
wählen,to vote,वोट देना
würdigkeit,To be translated,अनुवाद किया जाना है
würzig,spicy,मसालेदार
zeichnen,to draw,ड्रॉ करना
zeigen,to show,दिखाना
zieht (an/aus),To be translated,अनुवाद किया जाना है
zieht ein,To be translated,अनुवाद किया जाना है
zu sein,To be translated,अनुवाद किया जाना है
zuhören,to listen,सुनना
zum Beispiel,To be translated,अनुवाद किया जाना है
zumachen,to close,बंद करना
zunehmen,to gain weight,वज़न बढ़ना
zur Arbeit gehen,to go to work,काम पर जाना
zurzeit,currently,वर्तमान में
zurück,To be translated,अनुवाद किया जाना है
zurück-,To be translated,अनुवाद किया जाना है
zusammen,together,साथ
zustimmen,to agree,सहमत होना
ändern,To be translated,अनुवाद किया जाना है
ärgern (sich),To be translated,अनुवाद किया जाना है
ärgert,To be translated,अनुवाद किया जाना है
übernachten,To be translated,अनुवाद किया जाना है
übersetzen,To be translated,अनुवाद किया जाना है
überweisen,To be translated,अनुवाद किया जाना है
überweist,To be translated,अनुवाद किया जाना है
